month,sourceFile,rowNumber,sourceSystem,account,currency,isbn,title,units,gross,net,sha256,lineItem
01,Electronic Share & Sell Ecommerce Report for 9118734 (US-USD).xls,2,DIRECT_SALES,9118734,USD,9781961475212,"Taylor Made: My Life, My Story",1,19.99,12.44,ff7f7962a05fe87608e30b3c014df8aab237ba9d4b9d3e9bc63660a95d8bc40f,47e80b86f79c1ced71728b4d475092950c713a12804c3c4bb1cb8ba59dbe523a
01,Ingram eBook Agency Comp Report for 6116305 (USD).xls,2,INGRAM_EBOOK,6116305,USD,9781950719419,"Girl, You're Not Crazy. You're Dealing With a Narcissist",0,0,0,dcbf26babf14b4686a5a0e5db01bbbfa537cc1208f53a2ffb875dbfd6978e95e,5c88254246c7b29e783da864a073625ab5689340669e9fbfc408a957f629e8ec
01,Ingram eBook Wholesale Comp Report for 6116305 (USD).xls,2,INGRAM_EBOOK,6116305,USD,9780985263133,"God�s Business Plan",0,0,0,3c36e83b859385dbd3095bfeca74619409174c44132f7e7dc94c59d7bf58eed5,6aa4a1c7513ece334c9f2bc71bb0699f9a56958e9184a36b8c8dc3c47112d072
01,Ingram eBook Wholesale Comp Report for 6116305 (USD).xls,3,INGRAM_EBOOK,6116305,USD,9780985263133,"God�s Business Plan",0,0,0,3c36e83b859385dbd3095bfeca74619409174c44132f7e7dc94c59d7bf58eed5,1acb051cbcf4d4ac8e822fb89362a17095939d67e29bfbcfa86123e04720c427
01,Ingram eBook Wholesale Comp Report for 6116305 (USD).xls,4,INGRAM_EBOOK,6116305,USD,9781950719259,"Help God, I Am Angry",0,0,0,3c36e83b859385dbd3095bfeca74619409174c44132f7e7dc94c59d7bf58eed5,b150149e27f24a73b5a4a47555d8b27c7d66d9f0149f97c8936c6bc0e97b4c32
01,Ingram eBook Wholesale Comp Report for 6116305 (USD).xls,5,INGRAM_EBOOK,6116305,USD,9781950719655,"A Principal's Tale",0,0,0,3c36e83b859385dbd3095bfeca74619409174c44132f7e7dc94c59d7bf58eed5,1fd4f4e16632cd1c46f6012fdeb64096c73e8101fb1507bb027bc8c9e29f193d
01,Ingram eBook Wholesale Comp Report for 6116305 (USD).xls,6,INGRAM_EBOOK,6116305,USD,9781950719693,"Help God, I Am Lost",0,0,0,3c36e83b859385dbd3095bfeca74619409174c44132f7e7dc94c59d7bf58eed5,b06c54ca68c6a25037552ec0f68e6e35fcdc3ad2bca8a3abcf5668b389bb2b5f
01,Ingram eBook Wholesale Comp Report for 6116305 (USD).xls,7,INGRAM_EBOOK,6116305,USD,9781954414594,"Almost Happy",0,0,0,3c36e83b859385dbd3095bfeca74619409174c44132f7e7dc94c59d7bf58eed5,a30b44be7fc734972293775f9595a98f06d3821ba68f9ad48450be36321fa697
01,Ingram eBook Wholesale Comp Report for 6116305 (USD).xls,8,INGRAM_EBOOK,6116305,USD,9781961475120,"The Great Hair Restart",0,0,0,3c36e83b859385dbd3095bfeca74619409174c44132f7e7dc94c59d7bf58eed5,af2aba2d1e9ac2ca7750a00fa69c0ec64d8b3720700d4e7ceb62a0f81368f74f
01,Ingram eBook Wholesale Comp Report for 6116305 (USD).xls,9,INGRAM_EBOOK,6116305,USD,9781961475199,"Establishing Glory",0,0,0,3c36e83b859385dbd3095bfeca74619409174c44132f7e7dc94c59d7bf58eed5,f9af8d71b451d83a4d822afa622e09425b5e256bea329ead3e4991f2176f68a6
01,Ingram eBook Wholesale Comp Report for 6116305 (USD).xls,10,INGRAM_EBOOK,6116305,USD,9781961475526,"Warriors and Angels",0,0,0,3c36e83b859385dbd3095bfeca74619409174c44132f7e7dc94c59d7bf58eed5,d1a6ff5d724f34e657351f6ea6bef2cb33dfd982b22482f389c76a405aa2f61b
01,Ingram eBook Wholesale Comp Report for 6116305 (USD).xls,11,INGRAM_EBOOK,6116305,USD,9781961475526,"Warriors and Angels",0,0,0,3c36e83b859385dbd3095bfeca74619409174c44132f7e7dc94c59d7bf58eed5,45b2b26057eb1fb97cc6a07e2705a6a89f0ceeff1cd8e31f64bbcebf81e62711
01,LSI Global Connect Sales Compensation Report for 9118734 (USD).xls,2,INGRAM_POD,9118734,USD,1954414005,"Abortion!: George and Giovanna",0,0,0,0d9a9824491e0c58625211b837097f95c1ec44f02b5e6ec7c0aed56156c4b44d,aac7a847e6a8f73e9c0cdc6ed52a3a2f022aacb919707801856fdc8d7d286c07
01,LSI Global Connect Sales Compensation Report for 9118734 (USD).xls,3,INGRAM_POD,9118734,USD,1954414218,"Grandmothers Educating Minds, 2nd Edition",1,9.59,5.89,0d9a9824491e0c58625211b837097f95c1ec44f02b5e6ec7c0aed56156c4b44d,db752b8372f1cbadcc137e6b8823874f47e2d0ad20a663c54fac3b13dd8d59fe
01,LSI Global Connect Sales Compensation Report for 9118734 (USD).xls,4,INGRAM_POD,9118734,USD,196147543X,"Rhyming It Up with Church Stuff",0,0,0,0d9a9824491e0c58625211b837097f95c1ec44f02b5e6ec7c0aed56156c4b44d,eb98872651247e4e36147f3ecd932151bbef9316f368019697a3b9b35618c4d7
01,LSI Global Connect Sales Compensation Report for 9118734 (USD).xls,5,INGRAM_POD,9118734,USD,1961475456,"Your Peace is a Priority: A Devotional Journal",0,0,0,0d9a9824491e0c58625211b837097f95c1ec44f02b5e6ec7c0aed56156c4b44d,7838fa394aea9baecab35c7a0d438b0dbdcf0174a80e45af143a0ee8fffbd171
01,LSI Global Connect Sales Compensation Report for 9118734 (USD).xls,6,INGRAM_POD,9118734,USD,1961475472,"Peaches Can Do It!",0,0,0,0d9a9824491e0c58625211b837097f95c1ec44f02b5e6ec7c0aed56156c4b44d,e1632bee99bddd5c18e3fc4324d6a0502ae7b6642183308d6f0dbfaab3ed1d5b
01,LSI Global Connect Sales Compensation Report for 9118734 (USD).xls,7,INGRAM_POD,9118734,USD,1961475510,"Warriors and Angels: Liberating Inner Power in the Journey of Life",0,0,0,0d9a9824491e0c58625211b837097f95c1ec44f02b5e6ec7c0aed56156c4b44d,4afbcd1159cef5ab96bcc2061627fdc5dba81c5501227b81a9423b0023154aea
01,LSI Global Connect Sales Compensation Report for 9118734 (USD).xls,8,INGRAM_POD,9118734,USD,1961475553,"The Sun, The Shadow, and The Silence",4,18,7.8,0d9a9824491e0c58625211b837097f95c1ec44f02b5e6ec7c0aed56156c4b44d,4374449f1fb64eb6020963fcbe2b63ca151a26c0963f520474d1133373700cb4
01,LSI POD Wholesale Comp Report for 9118734 (UK-GBP).xls,2,INGRAM_POD,9118734,GBP,1954414005,"Abortion!: George and Giovanna",0,0,0,3a06678447fb58db4322f85cdbf3a7dc4c775cab538d4b00e0fc7d410b9a1455,fc3507a9dd87650f63bd9239a49eb8615285edbc022150f5daa2ad2eb6e35837
01,LSI POD Wholesale Comp Report for 9118734 (UK-GBP).xls,3,INGRAM_POD,9118734,GBP,1954414374,"Mirror of Refining Insight: An Introspective Look At Pursuing Your Purpose",0,0,0,3a06678447fb58db4322f85cdbf3a7dc4c775cab538d4b00e0fc7d410b9a1455,aa46af8d81c1d21b2732b8ef873fb9ca147c0bc119200472af16834431b0a5ae
01,LSI POD Wholesale Comp Report for 9118734 (UK-GBP).xls,4,INGRAM_POD,9118734,GBP,1961475332,"Delicious Ideas!: The Legacy Cookbook",1,9.59,4.78,3a06678447fb58db4322f85cdbf3a7dc4c775cab538d4b00e0fc7d410b9a1455,a3a75f4fbf213b04a98b5629dd849d99ae75af755260367f3a9c144a90a5a8ef
01,LSI POD Wholesale Comp Report for 9118734 (UK-GBP).xls,5,INGRAM_POD,9118734,GBP,1961475510,"Warriors and Angels: Liberating Inner Power in the Journey of Life",0,0,0,3a06678447fb58db4322f85cdbf3a7dc4c775cab538d4b00e0fc7d410b9a1455,5595533747a0d4c6757a19daace2bb596858756fe3631e5a46f17043b15905c1
01,LSI POD Wholesale Comp Report for 9118734 (UK-GBP).xls,6,INGRAM_POD,9118734,GBP,1961475553,"The Sun, The Shadow, and The Silence",3,10.8,3.78,3a06678447fb58db4322f85cdbf3a7dc4c775cab538d4b00e0fc7d410b9a1455,7c2189fe0bed43e77c1f05941e09fa657c6aed05589232dda7802a808254edde
01,LSI POD Wholesale Comp Report for 9118734 (US-USD).xls,2,INGRAM_POD,9118734,USD,985263121,"God's Business Plan",0,0,0,17c868f08803d4fc4f3201bf7b1babc4b067fefe031a7178c0668b61e6bb5bc7,7ee1f3498577f7efebf3d7012082c49aa0bdcc82dabd2643dedce0f6742bd522
01,LSI POD Wholesale Comp Report for 9118734 (US-USD).xls,3,INGRAM_POD,9118734,USD,1792313705,"Come Out Of Hiding: Activating Deliverance",0,0,0,17c868f08803d4fc4f3201bf7b1babc4b067fefe031a7178c0668b61e6bb5bc7,ab295f3ac97b56bb730920abfceb0131c679d62b3ac691cd22a17c833361f36d
01,LSI POD Wholesale Comp Report for 9118734 (US-USD).xls,4,INGRAM_POD,9118734,USD,1950719030,"Establishing Glory 2: The Relationship Handbook (2nd Edition)",0,0,0,17c868f08803d4fc4f3201bf7b1babc4b067fefe031a7178c0668b61e6bb5bc7,3828ed115e438dab02ffa3c947a660f32f69a5d2bee00d62e076530ca098f75c
01,LSI POD Wholesale Comp Report for 9118734 (US-USD).xls,5,INGRAM_POD,9118734,USD,1950719065,"The Girl with the Ebony Locs and the Three Bears",0,0,0,17c868f08803d4fc4f3201bf7b1babc4b067fefe031a7178c0668b61e6bb5bc7,7c62fd3e81ee73451a747b33e72aee425944a0f5172d568abfc59d15c78d0dd7
01,LSI POD Wholesale Comp Report for 9118734 (US-USD).xls,6,INGRAM_POD,9118734,USD,1950719200,"Are You Sure That You Are Ready?: A Guide for Vendors",0,0,0,17c868f08803d4fc4f3201bf7b1babc4b067fefe031a7178c0668b61e6bb5bc7,de92b338e2871f2da1138a89261c0d7360231fbfb4a3fc5639e6ba385df693e0
01,LSI POD Wholesale Comp Report for 9118734 (US-USD).xls,7,INGRAM_POD,9118734,USD,1950719219,"The Essence of Life, Love Letters to Christ: Poems of Life and Love from the Pages of the Heart",1,5.99,2.56,17c868f08803d4fc4f3201bf7b1babc4b067fefe031a7178c0668b61e6bb5bc7,f902142ab1ea6446ebbce13b1ee57a3126fea81dc92b25d20def0c51d1198ebd
01,LSI POD Wholesale Comp Report for 9118734 (US-USD).xls,8,INGRAM_POD,9118734,USD,1950719367,"Conquer Your Fears and Win",0,0,0,17c868f08803d4fc4f3201bf7b1babc4b067fefe031a7178c0668b61e6bb5bc7,32945a4b5007bba43b895be7ee4489fb13c92edb0d6f34c27ce82f08ca24bdc1
01,LSI POD Wholesale Comp Report for 9118734 (US-USD).xls,9,INGRAM_POD,9118734,USD,195071957X,"Loving the Addict: While Taking Care of Yourself First",0,0,0,17c868f08803d4fc4f3201bf7b1babc4b067fefe031a7178c0668b61e6bb5bc7,7e25659ea0a87e5dc7e857f053005c132f0ad38c8f1e48e25557b24269044505
01,LSI POD Wholesale Comp Report for 9118734 (US-USD).xls,10,INGRAM_POD,9118734,USD,1950719669,"A Principal's Tale: A Self-Determined Leader",0,0,0,17c868f08803d4fc4f3201bf7b1babc4b067fefe031a7178c0668b61e6bb5bc7,df1511b18029ee83e665285413f9e7d3f670b6500f8b53188ab1f4034ed2fb09
01,LSI POD Wholesale Comp Report for 9118734 (US-USD).xls,11,INGRAM_POD,9118734,USD,1950719863,"Just What I Needed: Daily Devotional",0,0,0,17c868f08803d4fc4f3201bf7b1babc4b067fefe031a7178c0668b61e6bb5bc7,75816825409ecb76cc2190957f62af24d7dde7032a39915f64cb67bfb02303d0
01,LSI POD Wholesale Comp Report for 9118734 (US-USD).xls,12,INGRAM_POD,9118734,USD,1950719928,"365 Days of Transparency",0,0,0,17c868f08803d4fc4f3201bf7b1babc4b067fefe031a7178c0668b61e6bb5bc7,d178f98cea7252459bf7f85bc034e7e24f9df95512564aba44e826eb20c28156
01,LSI POD Wholesale Comp Report for 9118734 (US-USD).xls,13,INGRAM_POD,9118734,USD,1950719944,"Love Lucy",0,0,0,17c868f08803d4fc4f3201bf7b1babc4b067fefe031a7178c0668b61e6bb5bc7,9f5255b1d03203677dc454ae60c491928a09eb286edd0bfafe8371bf7c72ac89
01,LSI POD Wholesale Comp Report for 9118734 (US-USD).xls,14,INGRAM_POD,9118734,USD,1954414005,"Abortion!: George and Giovanna",0,0,0,17c868f08803d4fc4f3201bf7b1babc4b067fefe031a7178c0668b61e6bb5bc7,cbfe0389083c02b3c75a14e2f287f9303464afb68e8b2d270e9ecf4057df32b0
01,LSI POD Wholesale Comp Report for 9118734 (US-USD).xls,15,INGRAM_POD,9118734,USD,1954414064,"Aligned!: Unlocking the DNA of Authentic Faith",0,0,0,17c868f08803d4fc4f3201bf7b1babc4b067fefe031a7178c0668b61e6bb5bc7,ac7e31f261870a7ffbaa32b1d0eb7709c88b288f9fd07de0f2e59582135ae82a
01,LSI POD Wholesale Comp Report for 9118734 (US-USD).xls,16,INGRAM_POD,9118734,USD,1954414129,"A Blended Family",0,0,0,17c868f08803d4fc4f3201bf7b1babc4b067fefe031a7178c0668b61e6bb5bc7,7a19cae7e3a593a60ca63d8ba3e3be666ee3d9db152103278425bbe0dccf212e
01,LSI POD Wholesale Comp Report for 9118734 (US-USD).xls,17,INGRAM_POD,9118734,USD,1954414188,"Memoir of a Black Christian Nationalist: Seeds of Liberation",0,0,0,17c868f08803d4fc4f3201bf7b1babc4b067fefe031a7178c0668b61e6bb5bc7,825eb1152756bed233823ff47be0cf0a12e5287a6e949a9489c09e1232a08e96
01,LSI POD Wholesale Comp Report for 9118734 (US-USD).xls,18,INGRAM_POD,9118734,USD,1954414196,"Memoir of a Black Christian Nationalist: Seeds of Liberation",0,0,0,17c868f08803d4fc4f3201bf7b1babc4b067fefe031a7178c0668b61e6bb5bc7,efa43edb7c7b036140524149af9e9ab4b9112df332aaab6bff8c18e5dc879c6e
01,LSI POD Wholesale Comp Report for 9118734 (US-USD).xls,19,INGRAM_POD,9118734,USD,1954414218,"Grandmothers Educating Minds, 2nd Edition",0,0,0,17c868f08803d4fc4f3201bf7b1babc4b067fefe031a7178c0668b61e6bb5bc7,4edf944d42a78d728e577eaf09de79eac9a40c75b10a838c107c1a6865559b09
01,LSI POD Wholesale Comp Report for 9118734 (US-USD).xls,20,INGRAM_POD,9118734,USD,1954414234,"You're Still Not Crazy: You May Be An Empath Dealing With A Narcissist",0,0,0,17c868f08803d4fc4f3201bf7b1babc4b067fefe031a7178c0668b61e6bb5bc7,ead1f1ce290a9c42f99b3baf891daf9cad58c46e4940c9111e915be73d9a9fb5
01,LSI POD Wholesale Comp Report for 9118734 (US-USD).xls,21,INGRAM_POD,9118734,USD,1954414293,"The Journey: The Inspiration and Message Behind the Music",0,0,0,17c868f08803d4fc4f3201bf7b1babc4b067fefe031a7178c0668b61e6bb5bc7,3fe053aed5d09e4b1e488648393662599d7835f221c95905f9e76d98eb6771bb
01,LSI POD Wholesale Comp Report for 9118734 (US-USD).xls,22,INGRAM_POD,9118734,USD,1954414315,"What Goes Up Must Come Down Let's Face It",0,0,0,17c868f08803d4fc4f3201bf7b1babc4b067fefe031a7178c0668b61e6bb5bc7,a35cc409459666302ede03d5b50918fbc58bc1741806b62104bf4f803bfc4f79
01,LSI POD Wholesale Comp Report for 9118734 (US-USD).xls,23,INGRAM_POD,9118734,USD,1954414358,"Help God, I Am - The Collection",1,20.99,4.04,17c868f08803d4fc4f3201bf7b1babc4b067fefe031a7178c0668b61e6bb5bc7,060b1933ebcf83bc5cc49af9e3a24439007cffa1326158b7d3362fe0101e7b51
01,LSI POD Wholesale Comp Report for 9118734 (US-USD).xls,24,INGRAM_POD,9118734,USD,1954414374,"Mirror of Refining Insight: An Introspective Look At Pursuing Your Purpose",0,0,0,17c868f08803d4fc4f3201bf7b1babc4b067fefe031a7178c0668b61e6bb5bc7,b79c51d86ef7fcb951e84ed5d035333adab57a32cdad18b9c1750da398bfee69
01,LSI POD Wholesale Comp Report for 9118734 (US-USD).xls,25,INGRAM_POD,9118734,USD,1954414390,"A Little Bit of Everything",0,0,0,17c868f08803d4fc4f3201bf7b1babc4b067fefe031a7178c0668b61e6bb5bc7,69ca9cff6c92cf254b08b5751a48e4cd3cfa5bbdcc02bd30ef2b64042c4cc45a
01,LSI POD Wholesale Comp Report for 9118734 (US-USD).xls,26,INGRAM_POD,9118734,USD,195441448X,"The Master's Piece",0,0,0,17c868f08803d4fc4f3201bf7b1babc4b067fefe031a7178c0668b61e6bb5bc7,4ec84a1e867d05a0c9c8cc675176c78697054a736474753088fd533b8fde15bd
01,LSI POD Wholesale Comp Report for 9118734 (US-USD).xls,27,INGRAM_POD,9118734,USD,1954414641,"The Never Before Told Story of the Gelatin Monster",0,0,0,17c868f08803d4fc4f3201bf7b1babc4b067fefe031a7178c0668b61e6bb5bc7,6bd81a083d909abfca295342eb34e197ff613bb8451d67e4b7617cf82976f9ba
01,LSI POD Wholesale Comp Report for 9118734 (US-USD).xls,28,INGRAM_POD,9118734,USD,1954414692,"The Princess and the Black-eyed Pea",0,0,0,17c868f08803d4fc4f3201bf7b1babc4b067fefe031a7178c0668b61e6bb5bc7,18956d60a5adfbb0e0a43dc053d4b06e7146997919e341ee16e0c4bcd0f61f9c
01,LSI POD Wholesale Comp Report for 9118734 (US-USD).xls,29,INGRAM_POD,9118734,USD,1954414749,"7 Step Jumpstart to Becoming Your Best Self",0,0,0,17c868f08803d4fc4f3201bf7b1babc4b067fefe031a7178c0668b61e6bb5bc7,c74196d5aaa49b4f5d9975dcc478ada5cca08b34f7d6636677b3b8359f5f97e7
01,LSI POD Wholesale Comp Report for 9118734 (US-USD).xls,30,INGRAM_POD,9118734,USD,1954414781,"Your Brain Has Too Much What, Mommy??",0,0,0,17c868f08803d4fc4f3201bf7b1babc4b067fefe031a7178c0668b61e6bb5bc7,df3937c8230ee4091a22754a547384fb9f6713b1e8e669aebfaa13f94655adad
01,LSI POD Wholesale Comp Report for 9118734 (US-USD).xls,31,INGRAM_POD,9118734,USD,1954414897,"Biblical Prescriptions For Life's Troubles",0,0,0,17c868f08803d4fc4f3201bf7b1babc4b067fefe031a7178c0668b61e6bb5bc7,925338cf9b5c19e66a3fff5f471a5e6acf5dd84bc9375e88d7e71055b818b874
01,LSI POD Wholesale Comp Report for 9118734 (US-USD).xls,32,INGRAM_POD,9118734,USD,1954414919,"Discipline and Direction: God's Leadership Style",0,0,0,17c868f08803d4fc4f3201bf7b1babc4b067fefe031a7178c0668b61e6bb5bc7,71c048e371f431184f3773e14530b6a48e0df4d748ca21bf6391d408b52a6bbd
01,LSI POD Wholesale Comp Report for 9118734 (US-USD).xls,33,INGRAM_POD,9118734,USD,1954414935,"Hodge Podge of Life",0,0,0,17c868f08803d4fc4f3201bf7b1babc4b067fefe031a7178c0668b61e6bb5bc7,0376a4740431d1e3777ebad32b05a38d42b56ed242735688990fcfa8f5abcd23
01,LSI POD Wholesale Comp Report for 9118734 (US-USD).xls,34,INGRAM_POD,9118734,USD,1961475138,"The Great Hair Restart: The Ultimate Guide to Resetting Your Natural Hair Journey with Confidence",0,0,0,17c868f08803d4fc4f3201bf7b1babc4b067fefe031a7178c0668b61e6bb5bc7,0c7d5055964679a3ea661a8c035a3bfe1851b560db11e90731e95979654c7a0a
01,LSI POD Wholesale Comp Report for 9118734 (US-USD).xls,35,INGRAM_POD,9118734,USD,1961475200,"Divinely Inspired: Trauma Triumphed",0,0,0,17c868f08803d4fc4f3201bf7b1babc4b067fefe031a7178c0668b61e6bb5bc7,940fa05dc250d16b7fcd4b3b211b4cec70c614deac6ebff0e279d5e4571e5f89
01,LSI POD Wholesale Comp Report for 9118734 (US-USD).xls,36,INGRAM_POD,9118734,USD,1961475219,"Taylor Made: My Life, My Story",1,11.99,7.64,17c868f08803d4fc4f3201bf7b1babc4b067fefe031a7178c0668b61e6bb5bc7,4aaf1ef3376e1b444d0dd0d9cf80a8b9f2fbbc5a43ed487ba2bd6299a0790efc
01,LSI POD Wholesale Comp Report for 9118734 (US-USD).xls,37,INGRAM_POD,9118734,USD,196147526X,"The Great Hair Restart: The Journal",0,0,0,17c868f08803d4fc4f3201bf7b1babc4b067fefe031a7178c0668b61e6bb5bc7,7f977973fe25a4641acc5faf997820b9c82421947ab0995bda7636ebc86eb932
01,LSI POD Wholesale Comp Report for 9118734 (US-USD).xls,38,INGRAM_POD,9118734,USD,1961475278,"The Great Hair Restart: The Journal",0,0,0,17c868f08803d4fc4f3201bf7b1babc4b067fefe031a7178c0668b61e6bb5bc7,7398d7b4717c877a77bdf8169b043109df205a89c4e64d445ba7fbf3dcd26c51
01,LSI POD Wholesale Comp Report for 9118734 (US-USD).xls,39,INGRAM_POD,9118734,USD,1961475294,"Taylor Made: My Life, My Story",0,0,0,17c868f08803d4fc4f3201bf7b1babc4b067fefe031a7178c0668b61e6bb5bc7,5d2fdfe3cf1d927a32e1fc677dfedc3f539ab4d381324711400a3a32cc7ccd32
01,LSI POD Wholesale Comp Report for 9118734 (US-USD).xls,40,INGRAM_POD,9118734,USD,1961475332,"Delicious Ideas!: The Legacy Cookbook",0,0,0,17c868f08803d4fc4f3201bf7b1babc4b067fefe031a7178c0668b61e6bb5bc7,02228fbd640a3cf1f360977e74bba1c8e40d7ed83eeffbceb756c9201f030234
01,LSI POD Wholesale Comp Report for 9118734 (US-USD).xls,41,INGRAM_POD,9118734,USD,1961475367,"27 Days to Overcoming Depression: Debunking All the Lies",2,17.98,9.36,17c868f08803d4fc4f3201bf7b1babc4b067fefe031a7178c0668b61e6bb5bc7,625aa931f130363883b26a4b219cd1775a5588ff9f4427b8c9f877ab66ff22cb
01,LSI POD Wholesale Comp Report for 9118734 (US-USD).xls,42,INGRAM_POD,9118734,USD,1961475383,"War Mother",2,17.98,10.56,17c868f08803d4fc4f3201bf7b1babc4b067fefe031a7178c0668b61e6bb5bc7,52954e7294eb88d3881fdffd3b7766074eba26cb4e4c3c4a9f2fb783a5a9eb5b
01,LSI POD Wholesale Comp Report for 9118734 (US-USD).xls,43,INGRAM_POD,9118734,USD,1961475413,"Jalen Becomes a Big Brother",0,0,0,17c868f08803d4fc4f3201bf7b1babc4b067fefe031a7178c0668b61e6bb5bc7,aee0924b6912fb1b5250c092981c104a03997e8229877ffe785d0b6075dee256
01,LSI POD Wholesale Comp Report for 9118734 (US-USD).xls,44,INGRAM_POD,9118734,USD,196147543X,"Rhyming It Up with Church Stuff",2,11.98,7.8,17c868f08803d4fc4f3201bf7b1babc4b067fefe031a7178c0668b61e6bb5bc7,267b67724c2eece60221eef456054429afb45ac3be36768a22410061e58191e8
01,LSI POD Wholesale Comp Report for 9118734 (US-USD).xls,45,INGRAM_POD,9118734,USD,1961475456,"Your Peace is a Priority: A Devotional Journal",0,0,0,17c868f08803d4fc4f3201bf7b1babc4b067fefe031a7178c0668b61e6bb5bc7,d7945eba20debf084c649eda0e77f09310c385d315cb896ab23aca78b4876f80
01,LSI POD Wholesale Comp Report for 9118734 (US-USD).xls,46,INGRAM_POD,9118734,USD,1961475472,"Peaches Can Do It!",0,0,0,17c868f08803d4fc4f3201bf7b1babc4b067fefe031a7178c0668b61e6bb5bc7,1b0886527bfce4b06b73c15fe6dee445d16b864012e5ea41aa4d5388be7be0bf
01,LSI POD Wholesale Comp Report for 9118734 (US-USD).xls,47,INGRAM_POD,9118734,USD,1961475510,"Warriors and Angels: Liberating Inner Power in the Journey of Life",2,13.5,5.28,17c868f08803d4fc4f3201bf7b1babc4b067fefe031a7178c0668b61e6bb5bc7,81ea2e47ce2d975266e2f9686bda19d473373affbbbab640f254f2cee809dc00
01,LSI POD Wholesale Comp Report for 9118734 (US-USD).xls,48,INGRAM_POD,9118734,USD,1961475553,"The Sun, The Shadow, and The Silence",14,63,27.3,17c868f08803d4fc4f3201bf7b1babc4b067fefe031a7178c0668b61e6bb5bc7,0373256b50cb1aac504e007e96d0907109da07618e1a613d3682a4d700eb2795
01,LSI POD Wholesale Comp Report for 9118734 (US-USD).xls,49,INGRAM_POD,9118734,USD,1961475979,"When A Thug Meets Jesus",0,0,0,17c868f08803d4fc4f3201bf7b1babc4b067fefe031a7178c0668b61e6bb5bc7,ce0f97aa22d50314459f32d90851a7d9b6ba0218973181d38d11889770d76cb6
02,Ingram eBook Wholesale Comp Report for 6116305 (USD).xls,2,INGRAM_EBOOK,6116305,USD,9780985263133,"God�s Business Plan",0,0,0,a28218626d1c2834f26e2133de078532aa3fe8caf62ac197d4bd220eb85738b1,0bc533facf5f09a545686ce36f124a4c8bba132c91913c5a0396b9db634c421c
02,Ingram eBook Wholesale Comp Report for 6116305 (USD).xls,3,INGRAM_EBOOK,6116305,USD,9781950719112,"Uncomfortable Conversations with God",0,0,0,a28218626d1c2834f26e2133de078532aa3fe8caf62ac197d4bd220eb85738b1,6a23db1ebe3d0baf6526cd63529b38770ffbc0e1f1593f6b62bd4886a21c863b
02,Ingram eBook Wholesale Comp Report for 6116305 (USD).xls,4,INGRAM_EBOOK,6116305,USD,9781950719112,"Uncomfortable Conversations with God",0,0,0,a28218626d1c2834f26e2133de078532aa3fe8caf62ac197d4bd220eb85738b1,d9b2fd102807087581cfa2427f51be5a303ffe74eaf500be6f0a277eb170065c
02,Ingram eBook Wholesale Comp Report for 6116305 (USD).xls,5,INGRAM_EBOOK,6116305,USD,9781950719129,"Number 23 and Me",0,0,0,a28218626d1c2834f26e2133de078532aa3fe8caf62ac197d4bd220eb85738b1,eb949d878965594fa3ee4904a7d684b336ad80e422e0a8a7370fc43d5de68601
02,Ingram eBook Wholesale Comp Report for 6116305 (USD).xls,6,INGRAM_EBOOK,6116305,USD,9781950719129,"Number 23 and Me",0,0,0,a28218626d1c2834f26e2133de078532aa3fe8caf62ac197d4bd220eb85738b1,4dec230cb7c47ba544ca88fe0def2d07da443af084604c7db9ecb4bcccd4f1a8
02,Ingram eBook Wholesale Comp Report for 6116305 (USD).xls,7,INGRAM_EBOOK,6116305,USD,9781950719259,"Help God, I Am Angry",0,0,0,a28218626d1c2834f26e2133de078532aa3fe8caf62ac197d4bd220eb85738b1,bd421ca73044b4ab87ab5d73749b3ea15aee78f8d19babd4c521fe34a0744025
02,Ingram eBook Wholesale Comp Report for 6116305 (USD).xls,8,INGRAM_EBOOK,6116305,USD,9781950719259,"Help God, I Am Angry",0,0,0,a28218626d1c2834f26e2133de078532aa3fe8caf62ac197d4bd220eb85738b1,11d0ed27f248ab993ffa7d6e59092331e3e40215ceec5ae7b7220330ce04b18d
02,Ingram eBook Wholesale Comp Report for 6116305 (USD).xls,9,INGRAM_EBOOK,6116305,USD,9781950719259,"Help God, I Am Angry",0,0,0,a28218626d1c2834f26e2133de078532aa3fe8caf62ac197d4bd220eb85738b1,0cc2dd61eeddde01b97b5e0dd11c6411bd1cbe720841b9aad4d52ce271c15240
02,Ingram eBook Wholesale Comp Report for 6116305 (USD).xls,10,INGRAM_EBOOK,6116305,USD,9781950719259,"Help God, I Am Angry",0,0,0,a28218626d1c2834f26e2133de078532aa3fe8caf62ac197d4bd220eb85738b1,4d1dd6fb013dbb21c011c3b67476472e0a787e36d483b2f14749537437a14bd7
02,Ingram eBook Wholesale Comp Report for 6116305 (USD).xls,11,INGRAM_EBOOK,6116305,USD,9781950719273,"Jewels by Lady J",0,0,0,a28218626d1c2834f26e2133de078532aa3fe8caf62ac197d4bd220eb85738b1,acae62b005f086b34f0a4661cc46b3fb1b377cba7e9aed17b1faf1b4ae30ef74
02,Ingram eBook Wholesale Comp Report for 6116305 (USD).xls,12,INGRAM_EBOOK,6116305,USD,9781950719310,"Help God, I Am Hurt",0,0,0,a28218626d1c2834f26e2133de078532aa3fe8caf62ac197d4bd220eb85738b1,3751c40ae42a2f64fe51d5c985447f43acd96d7d90dc888d4310cc07306892ba
02,Ingram eBook Wholesale Comp Report for 6116305 (USD).xls,13,INGRAM_EBOOK,6116305,USD,9781950719419,"Girl, You're Not Crazy. You're Dealing With a Narcissist",0,0,0,a28218626d1c2834f26e2133de078532aa3fe8caf62ac197d4bd220eb85738b1,79547a105438b12c05d846823299ea41baf2be35ac53133981eb32106c7a0629
02,Ingram eBook Wholesale Comp Report for 6116305 (USD).xls,14,INGRAM_EBOOK,6116305,USD,9781950719419,"Girl, You're Not Crazy. You're Dealing With a Narcissist",0,0,0,a28218626d1c2834f26e2133de078532aa3fe8caf62ac197d4bd220eb85738b1,b6b1008d2b534b5adcab323e558d9257fa11a48a1aac62f944d97dfffb660d63
02,Ingram eBook Wholesale Comp Report for 6116305 (USD).xls,15,INGRAM_EBOOK,6116305,USD,9781950719419,"Girl, You're Not Crazy. You're Dealing With a Narcissist",0,0,0,a28218626d1c2834f26e2133de078532aa3fe8caf62ac197d4bd220eb85738b1,f176e9ffd157d27cefda875e7fbd6f1e035a8309cffbf8d8d0ed8d048e975b38
02,Ingram eBook Wholesale Comp Report for 6116305 (USD).xls,16,INGRAM_EBOOK,6116305,USD,9781950719419,"Girl, You're Not Crazy. You're Dealing With a Narcissist",0,0,0,a28218626d1c2834f26e2133de078532aa3fe8caf62ac197d4bd220eb85738b1,7a03647d6d4c5b45789531e1ea486295b04f4305fb694816f4ad6a3faf8c472c
02,Ingram eBook Wholesale Comp Report for 6116305 (USD).xls,17,INGRAM_EBOOK,6116305,USD,9781950719419,"Girl, You're Not Crazy. You're Dealing With a Narcissist",0,0,0,a28218626d1c2834f26e2133de078532aa3fe8caf62ac197d4bd220eb85738b1,ab4d7e33ebb21af10395fe61cfe4752df0053f2e92d20667430b94ba557b8287
02,Ingram eBook Wholesale Comp Report for 6116305 (USD).xls,18,INGRAM_EBOOK,6116305,USD,9781950719419,"Girl, You're Not Crazy. You're Dealing With a Narcissist",0,0,0,a28218626d1c2834f26e2133de078532aa3fe8caf62ac197d4bd220eb85738b1,0697ddad6060851acb941a0430293ea5b96149b03e23169eb2f1579a92f6eacf
02,Ingram eBook Wholesale Comp Report for 6116305 (USD).xls,19,INGRAM_EBOOK,6116305,USD,9781950719419,"Girl, You're Not Crazy. You're Dealing With a Narcissist",0,0,0,a28218626d1c2834f26e2133de078532aa3fe8caf62ac197d4bd220eb85738b1,9a7ae1a942ba8f0960706970179ec5f93b8ff670a70c05e2c21071ac1b6ed26a
02,Ingram eBook Wholesale Comp Report for 6116305 (USD).xls,20,INGRAM_EBOOK,6116305,USD,9781950719419,"Girl, You're Not Crazy. You're Dealing With a Narcissist",0,0,0,a28218626d1c2834f26e2133de078532aa3fe8caf62ac197d4bd220eb85738b1,565a76eb5c79161a73e79e325b1aa233469f8020138ef8c6d8d8e48bafe37305
02,Ingram eBook Wholesale Comp Report for 6116305 (USD).xls,21,INGRAM_EBOOK,6116305,USD,9781950719419,"Girl, You're Not Crazy. You're Dealing With a Narcissist",0,0,0,a28218626d1c2834f26e2133de078532aa3fe8caf62ac197d4bd220eb85738b1,d622f217d59e993b5d5138d87a383f0087037a6866aa24c267cdb8bd32d45508
02,Ingram eBook Wholesale Comp Report for 6116305 (USD).xls,22,INGRAM_EBOOK,6116305,USD,9781950719419,"Girl, You're Not Crazy. You're Dealing With a Narcissist",0,0,0,a28218626d1c2834f26e2133de078532aa3fe8caf62ac197d4bd220eb85738b1,10ce5fa641c30dba29f393ae1800c96ebf78c272c93bbbaa6dc07ce797a17ac6
02,Ingram eBook Wholesale Comp Report for 6116305 (USD).xls,23,INGRAM_EBOOK,6116305,USD,9781950719419,"Girl, You're Not Crazy. You're Dealing With a Narcissist",0,0,0,a28218626d1c2834f26e2133de078532aa3fe8caf62ac197d4bd220eb85738b1,97277acc288ea92f8aebf08e898f460d8d74e4bc410198643b7603b355bb5187
02,Ingram eBook Wholesale Comp Report for 6116305 (USD).xls,24,INGRAM_EBOOK,6116305,USD,9781950719419,"Girl, You're Not Crazy. You're Dealing With a Narcissist",0,0,0,a28218626d1c2834f26e2133de078532aa3fe8caf62ac197d4bd220eb85738b1,d83c6e32bd670fc763726115074efc35edb035d9f7943392a1857f01876c2913
02,Ingram eBook Wholesale Comp Report for 6116305 (USD).xls,25,INGRAM_EBOOK,6116305,USD,9781950719419,"Girl, You're Not Crazy. You're Dealing With a Narcissist",0,0,0,a28218626d1c2834f26e2133de078532aa3fe8caf62ac197d4bd220eb85738b1,904f4c236040af84b4ee41d49a3196eb3ab9656ff82c9b698d11ba2708a6efc8
02,Ingram eBook Wholesale Comp Report for 6116305 (USD).xls,26,INGRAM_EBOOK,6116305,USD,9781950719419,"Girl, You're Not Crazy. You're Dealing With a Narcissist",0,0,0,a28218626d1c2834f26e2133de078532aa3fe8caf62ac197d4bd220eb85738b1,4454fa2a43f0efbfafe6a8e81aaec6a12ae07752a038e35d5442ec7cb1521b0e
02,Ingram eBook Wholesale Comp Report for 6116305 (USD).xls,27,INGRAM_EBOOK,6116305,USD,9781950719419,"Girl, You're Not Crazy. You're Dealing With a Narcissist",0,0,0,a28218626d1c2834f26e2133de078532aa3fe8caf62ac197d4bd220eb85738b1,8874a47d847c87c2cdff5ec39a5e39eb7c8bd814858a380ac3dbe6cd8c6d687c
02,Ingram eBook Wholesale Comp Report for 6116305 (USD).xls,28,INGRAM_EBOOK,6116305,USD,9781950719419,"Girl, You're Not Crazy. You're Dealing With a Narcissist",0,0,0,a28218626d1c2834f26e2133de078532aa3fe8caf62ac197d4bd220eb85738b1,1b5f112b922954390baecbed35f36cfa64796113541b2c1a049f97160cf886c6
02,Ingram eBook Wholesale Comp Report for 6116305 (USD).xls,29,INGRAM_EBOOK,6116305,USD,9781950719419,"Girl, You're Not Crazy. You're Dealing With a Narcissist",0,0,0,a28218626d1c2834f26e2133de078532aa3fe8caf62ac197d4bd220eb85738b1,a001e543e0a37be44b78de26027ee065bf44dd3f4a2952891aae130f4a2f1a86
02,Ingram eBook Wholesale Comp Report for 6116305 (USD).xls,30,INGRAM_EBOOK,6116305,USD,9781950719419,"Girl, You're Not Crazy. You're Dealing With a Narcissist",0,0,0,a28218626d1c2834f26e2133de078532aa3fe8caf62ac197d4bd220eb85738b1,d24257d162964ffbb973e943c05e27014285c7e5042b6191a5d3bbbd1aa0f377
02,Ingram eBook Wholesale Comp Report for 6116305 (USD).xls,31,INGRAM_EBOOK,6116305,USD,9781950719419,"Girl, You're Not Crazy. You're Dealing With a Narcissist",0,0,0,a28218626d1c2834f26e2133de078532aa3fe8caf62ac197d4bd220eb85738b1,2b866b1fbdbc54af35a48bd77015bfe73ed5988463ae93ec85394cac05d8b0e8
02,Ingram eBook Wholesale Comp Report for 6116305 (USD).xls,32,INGRAM_EBOOK,6116305,USD,9781950719457,"Because the Lord is My Shepherd",0,0,0,a28218626d1c2834f26e2133de078532aa3fe8caf62ac197d4bd220eb85738b1,e59219650106d714925032ed29a84f79a9a4291e27d688a5df793631b091b1b9
02,Ingram eBook Wholesale Comp Report for 6116305 (USD).xls,33,INGRAM_EBOOK,6116305,USD,9781950719457,"Because the Lord is My Shepherd",0,0,0,a28218626d1c2834f26e2133de078532aa3fe8caf62ac197d4bd220eb85738b1,b43c0341262cf45a84a4457cb2c5009acd7d528a2f74d26bd14f0032617a30e2
02,Ingram eBook Wholesale Comp Report for 6116305 (USD).xls,34,INGRAM_EBOOK,6116305,USD,9781950719501,"Focus, Trust, & Follow",0,0,0,a28218626d1c2834f26e2133de078532aa3fe8caf62ac197d4bd220eb85738b1,7a76d42cb2f0de7e7c738d064ad610d008e1ab938de97ab1a27b6e55882b7810
02,Ingram eBook Wholesale Comp Report for 6116305 (USD).xls,35,INGRAM_EBOOK,6116305,USD,9781950719556,"Speech Therapy Works!",0,0,0,a28218626d1c2834f26e2133de078532aa3fe8caf62ac197d4bd220eb85738b1,bf701e385369c71caf03b544aae765c9459ebd69025ef8426ebfd623b4c65938
02,Ingram eBook Wholesale Comp Report for 6116305 (USD).xls,36,INGRAM_EBOOK,6116305,USD,9781950719631,"The Release of the Spirit",0,0,0,a28218626d1c2834f26e2133de078532aa3fe8caf62ac197d4bd220eb85738b1,0134f0a04c956fd5c7a7f0116dc1166a8bab70c15e618f66c4e6453e496c3c73
02,Ingram eBook Wholesale Comp Report for 6116305 (USD).xls,37,INGRAM_EBOOK,6116305,USD,9781950719631,"The Release of the Spirit",0,0,0,a28218626d1c2834f26e2133de078532aa3fe8caf62ac197d4bd220eb85738b1,7fd0622fe9f9e91eae2c302393cff66e9ef4d82f97045bfe06ef0c44d2a5c526
02,Ingram eBook Wholesale Comp Report for 6116305 (USD).xls,38,INGRAM_EBOOK,6116305,USD,9781950719631,"The Release of the Spirit",0,0,0,a28218626d1c2834f26e2133de078532aa3fe8caf62ac197d4bd220eb85738b1,af2a94ada969da0b3bff7ba8fa9be8c30d49a82b3114b931a781490ca4709761
02,Ingram eBook Wholesale Comp Report for 6116305 (USD).xls,39,INGRAM_EBOOK,6116305,USD,9781950719655,"A Principal's Tale",0,0,0,a28218626d1c2834f26e2133de078532aa3fe8caf62ac197d4bd220eb85738b1,a194c91220409a612723f2e10f73662fb01bc5be2eacc28dd558e47ab55ba946
02,Ingram eBook Wholesale Comp Report for 6116305 (USD).xls,40,INGRAM_EBOOK,6116305,USD,9781950719693,"Help God, I Am Lost",0,0,0,a28218626d1c2834f26e2133de078532aa3fe8caf62ac197d4bd220eb85738b1,f08593d60e456e751613f023de80986dbbf58a3e1a15e409bc4b9faf8c09e82c
02,Ingram eBook Wholesale Comp Report for 6116305 (USD).xls,41,INGRAM_EBOOK,6116305,USD,9781950719693,"Help God, I Am Lost",0,0,0,a28218626d1c2834f26e2133de078532aa3fe8caf62ac197d4bd220eb85738b1,99dd12e3614cf1e19eb19775976cde3f1969ba748597913babad0cdceefe4e76
02,Ingram eBook Wholesale Comp Report for 6116305 (USD).xls,42,INGRAM_EBOOK,6116305,USD,9781950719693,"Help God, I Am Lost",0,0,0,a28218626d1c2834f26e2133de078532aa3fe8caf62ac197d4bd220eb85738b1,e248d2bb6f74995401a8849ce6a06f802311df5fe92001e37bd4dc0c3aed5c26
02,Ingram eBook Wholesale Comp Report for 6116305 (USD).xls,43,INGRAM_EBOOK,6116305,USD,9781950719693,"Help God, I Am Lost",0,0,0,a28218626d1c2834f26e2133de078532aa3fe8caf62ac197d4bd220eb85738b1,3711cc6f2f81924d733eab91faa36659912c34fda96193bc64e595025419be85
02,Ingram eBook Wholesale Comp Report for 6116305 (USD).xls,44,INGRAM_EBOOK,6116305,USD,9781950719693,"Help God, I Am Lost",0,0,0,a28218626d1c2834f26e2133de078532aa3fe8caf62ac197d4bd220eb85738b1,4d0a45b54d15d4372cf599809f244507525d07e155a6a250c17af79daa3bd582
02,Ingram eBook Wholesale Comp Report for 6116305 (USD).xls,45,INGRAM_EBOOK,6116305,USD,9781950719693,"Help God, I Am Lost",0,0,0,a28218626d1c2834f26e2133de078532aa3fe8caf62ac197d4bd220eb85738b1,b7616f9e70ee8397cdcc92a7ad391c332197eeb94e8946413af9106ae56ec219
02,Ingram eBook Wholesale Comp Report for 6116305 (USD).xls,46,INGRAM_EBOOK,6116305,USD,9781950719693,"Help God, I Am Lost",0,0,0,a28218626d1c2834f26e2133de078532aa3fe8caf62ac197d4bd220eb85738b1,f27723b084df22d367250b6348a17fc60ce49b5b6c474f95bbf4e098d308d1e8
02,Ingram eBook Wholesale Comp Report for 6116305 (USD).xls,47,INGRAM_EBOOK,6116305,USD,9781950719754,"Help God, I Am Sad",0,0,0,a28218626d1c2834f26e2133de078532aa3fe8caf62ac197d4bd220eb85738b1,588fa2a640925796438cc9ea43afe9ccdd6d21ef19bf58463af22af17e41c450
02,Ingram eBook Wholesale Comp Report for 6116305 (USD).xls,48,INGRAM_EBOOK,6116305,USD,9781950719778,"Help God, I Am Confused",0,0,0,a28218626d1c2834f26e2133de078532aa3fe8caf62ac197d4bd220eb85738b1,9aaa19e9b21c68d6ee52d99a3292031f5771db63c4aaa7cb7d3a1bdd4dd725c1
02,Ingram eBook Wholesale Comp Report for 6116305 (USD).xls,49,INGRAM_EBOOK,6116305,USD,9781950719778,"Help God, I Am Confused",0,0,0,a28218626d1c2834f26e2133de078532aa3fe8caf62ac197d4bd220eb85738b1,10ef69bda174e6ece789877fe8ec298b158b065af16486544a5888621b9d1f85
02,Ingram eBook Wholesale Comp Report for 6116305 (USD).xls,50,INGRAM_EBOOK,6116305,USD,9781950719778,"Help God, I Am Confused",0,0,0,a28218626d1c2834f26e2133de078532aa3fe8caf62ac197d4bd220eb85738b1,923b8ea95e867d395d5e8334b7b2a72257e972bb6c9783d08ba719ae70c04521
02,Ingram eBook Wholesale Comp Report for 6116305 (USD).xls,51,INGRAM_EBOOK,6116305,USD,9781950719778,"Help God, I Am Confused",0,0,0,a28218626d1c2834f26e2133de078532aa3fe8caf62ac197d4bd220eb85738b1,384f6eff065cf87453a84990d47c912d98dc9e7a6f6a82c3bddd615dee46fb5b
02,Ingram eBook Wholesale Comp Report for 6116305 (USD).xls,52,INGRAM_EBOOK,6116305,USD,9781950719877,"God�s Nudge",0,0,0,a28218626d1c2834f26e2133de078532aa3fe8caf62ac197d4bd220eb85738b1,f42e6e5c8b79b56c810e2a5ae3a0c7ca50e04ec9587d96bdbabd1a62d4aba4c9
02,Ingram eBook Wholesale Comp Report for 6116305 (USD).xls,53,INGRAM_EBOOK,6116305,USD,9781954414099,"Hop, Hop, Hop",0,0,0,a28218626d1c2834f26e2133de078532aa3fe8caf62ac197d4bd220eb85738b1,c4b920044002dbe4869eff2a4e09a07ff34e004ef25177e324d3939d4d13ba04
02,Ingram eBook Wholesale Comp Report for 6116305 (USD).xls,54,INGRAM_EBOOK,6116305,USD,9781954414099,"Hop, Hop, Hop",0,0,0,a28218626d1c2834f26e2133de078532aa3fe8caf62ac197d4bd220eb85738b1,baa637f08800cf1ee937a5c871976dcbd986f0ade055f6e6d9a7b3dad73bc6b1
02,Ingram eBook Wholesale Comp Report for 6116305 (USD).xls,55,INGRAM_EBOOK,6116305,USD,9781954414112,"A Blended Family",0,0,0,a28218626d1c2834f26e2133de078532aa3fe8caf62ac197d4bd220eb85738b1,e64af1fe113ecbf4ee9625d3f4c65465b922589878459ee553286383ce3a93b5
02,Ingram eBook Wholesale Comp Report for 6116305 (USD).xls,56,INGRAM_EBOOK,6116305,USD,9781954414174,"Memoir of a Black Christian Nationalist",0,0,0,a28218626d1c2834f26e2133de078532aa3fe8caf62ac197d4bd220eb85738b1,eeac3375dcdc8716e4c8c3bf922760fcde8991d9cb86585264edc380ebe2ca4b
02,Ingram eBook Wholesale Comp Report for 6116305 (USD).xls,57,INGRAM_EBOOK,6116305,USD,9781954414556,"Words of a Troubled Soul",0,0,0,a28218626d1c2834f26e2133de078532aa3fe8caf62ac197d4bd220eb85738b1,98262f50567d636be084b55f53fe7acc45b77f2702416aceed2cb36aa5ebd8af
02,Ingram eBook Wholesale Comp Report for 6116305 (USD).xls,58,INGRAM_EBOOK,6116305,USD,9781961475076,"Seasons of Life",0,0,0,a28218626d1c2834f26e2133de078532aa3fe8caf62ac197d4bd220eb85738b1,b5a43fea3772712065f2801e41dcd8c46325ba8443e32ccbe5088432f78b3277
02,Ingram eBook Wholesale Comp Report for 6116305 (USD).xls,59,INGRAM_EBOOK,6116305,USD,9781961475083,"God's Business Plan",0,0,0,a28218626d1c2834f26e2133de078532aa3fe8caf62ac197d4bd220eb85738b1,e643dfe694896ba6d209b45fcda34b3c334657fa56077fc46b84d6e7ffe8c367
02,Ingram eBook Wholesale Comp Report for 6116305 (USD).xls,60,INGRAM_EBOOK,6116305,USD,9781961475083,"God's Business Plan",0,0,0,a28218626d1c2834f26e2133de078532aa3fe8caf62ac197d4bd220eb85738b1,2d7858adb1542d93da2f1353b0e63ac445fa830978aec3f781b0241c4d293c8d
02,Ingram eBook Wholesale Comp Report for 6116305 (USD).xls,61,INGRAM_EBOOK,6116305,USD,9781961475120,"The Great Hair Restart",0,0,0,a28218626d1c2834f26e2133de078532aa3fe8caf62ac197d4bd220eb85738b1,0b9a2a6f4807dc3f02e38614c5e61a4e1caf6536dfc1b4cde6283111e3d1958c
02,Ingram eBook Wholesale Comp Report for 6116305 (USD).xls,62,INGRAM_EBOOK,6116305,USD,9781961475120,"The Great Hair Restart",0,0,0,a28218626d1c2834f26e2133de078532aa3fe8caf62ac197d4bd220eb85738b1,612f26fd7c404e647fe13429b4a0aeb8bd3c3e27cb561e544d1631e16942cf91
02,Ingram eBook Wholesale Comp Report for 6116305 (USD).xls,63,INGRAM_EBOOK,6116305,USD,9781961475120,"The Great Hair Restart",0,0,0,a28218626d1c2834f26e2133de078532aa3fe8caf62ac197d4bd220eb85738b1,3a55d8f48078654b24b7615d247a237730d29c906ad1451fa40f8028d379308a
02,Ingram eBook Wholesale Comp Report for 6116305 (USD).xls,64,INGRAM_EBOOK,6116305,USD,9781961475120,"The Great Hair Restart",0,0,0,a28218626d1c2834f26e2133de078532aa3fe8caf62ac197d4bd220eb85738b1,9ec2c1849211e18a8ebccf981f40e6f89fb7ca0b57958edb55e55ac60c746a5e
02,Ingram eBook Wholesale Comp Report for 6116305 (USD).xls,65,INGRAM_EBOOK,6116305,USD,9781961475120,"The Great Hair Restart",0,0,0,a28218626d1c2834f26e2133de078532aa3fe8caf62ac197d4bd220eb85738b1,725612672229ce361f5bce934234bcaf933eff51297c2e7fc5b286c108124022
02,Ingram eBook Wholesale Comp Report for 6116305 (USD).xls,66,INGRAM_EBOOK,6116305,USD,9781961475304,"Taylor Made",0,0,0,a28218626d1c2834f26e2133de078532aa3fe8caf62ac197d4bd220eb85738b1,8357b55d681c75bd43542d0ccd08f2e43e401ebc8ee6547217077d987980a888
02,Ingram eBook Wholesale Comp Report for 6116305 (USD).xls,67,INGRAM_EBOOK,6116305,USD,9781961475359,"Delicious Ideas!",0,0,0,a28218626d1c2834f26e2133de078532aa3fe8caf62ac197d4bd220eb85738b1,ba59459a162cc6884530ae7760bcdf39082726554065139562eeb5655cde382b
02,Ingram eBook Wholesale Comp Report for 6116305 (USD).xls,68,INGRAM_EBOOK,6116305,USD,9781961475526,"Warriors and Angels",0,0,0,a28218626d1c2834f26e2133de078532aa3fe8caf62ac197d4bd220eb85738b1,2fe474266abdf74bb19e08c0e54cb52a413bf7737426a051b6fb10201051e2d5
02,Ingram eBook Wholesale Comp Report for 6116305 (USD).xls,69,INGRAM_EBOOK,6116305,USD,9781961475564,"The Sun, The Shadow, and The Silence",0,0,0,a28218626d1c2834f26e2133de078532aa3fe8caf62ac197d4bd220eb85738b1,76daa420e088ad180c5909aaa85278254fc1ec09218d34033840b6402ecaf490
02,LSI POD Wholesale Comp Report for 9118734 (UK-GBP).xls,2,INGRAM_POD,9118734,GBP,1954414005,"Abortion!: George and Giovanna",1,7.79,5.25,763bec1003d1781714540aafea1ceb75327d5fe5541bdfe7790f0a1ffab327dd,725ad22252e237ab2a7e0c84a72b2985b2edfda73680958a37fd1667525fbf1d
02,LSI POD Wholesale Comp Report for 9118734 (US-USD).xls,2,INGRAM_POD,9118734,USD,1792313705,"Come Out Of Hiding: Activating Deliverance",1,5.99,3.41,879e4a402c30789ffb34a659cf01842a977c43b439dd997b0deb8c3789921f3b,3f0789d2136d156a87478ad790a0bdbada0cea636f352bf5c7db4b0ce6ae8bed
02,LSI POD Wholesale Comp Report for 9118734 (US-USD).xls,3,INGRAM_POD,9118734,USD,1950719138,"Establishing Glory 3: The Marriage Handbook",1,9,5.1,879e4a402c30789ffb34a659cf01842a977c43b439dd997b0deb8c3789921f3b,7117a649df82f3f6ba83543ad190c2de45c2ed2d13bb6b0f80491572d087cd3a
02,LSI POD Wholesale Comp Report for 9118734 (US-USD).xls,4,INGRAM_POD,9118734,USD,1950719561,"Speech Therapy Works!: Juliana's Story",1,4.79,2.27,879e4a402c30789ffb34a659cf01842a977c43b439dd997b0deb8c3789921f3b,697cd8a9ca4dd828b1a1b2a2f1febfa0c21e874dc7bdeeb95c9537f1d6687103
02,LSI POD Wholesale Comp Report for 9118734 (US-USD).xls,5,INGRAM_POD,9118734,USD,1950719944,"Love Lucy",1,5.99,3.5,879e4a402c30789ffb34a659cf01842a977c43b439dd997b0deb8c3789921f3b,bbeeb2de5a44a049923b29902b3d774edaf78273101aefb6204068a85f2c3e75
02,LSI POD Wholesale Comp Report for 9118734 (US-USD).xls,6,INGRAM_POD,9118734,USD,1961475219,"Taylor Made: My Life, My Story",1,11.99,7.64,879e4a402c30789ffb34a659cf01842a977c43b439dd997b0deb8c3789921f3b,a45367cd291ce9c350ebf21aaa1faa3820ab28a4efc57c494eb8d33d71b55357
02,LSI POD Wholesale Comp Report for 9118734 (US-USD).xls,7,INGRAM_POD,9118734,USD,1961475367,"27 Days to Overcoming Depression: Debunking All the Lies",1,8.99,4.68,879e4a402c30789ffb34a659cf01842a977c43b439dd997b0deb8c3789921f3b,3579fe911157984853a03438ef2a952cbb07a927a90d19ec05725ee422254ffe
02,LSI POD Wholesale Comp Report for 9118734 (US-USD).xls,8,INGRAM_POD,9118734,USD,1961475537,"The Paper Champ",1,5.85,2.91,879e4a402c30789ffb34a659cf01842a977c43b439dd997b0deb8c3789921f3b,7e9ebabd391194e909584083d577a0fe5355c210e7dd74e9eb5878e24e7b7d02
02,LSI POD Wholesale Comp Report for 9118734 (US-USD).xls,9,INGRAM_POD,9118734,USD,1961475553,"The Sun, The Shadow, and The Silence",3,13.5,5.85,879e4a402c30789ffb34a659cf01842a977c43b439dd997b0deb8c3789921f3b,3260c6039600b604f37775c1439a3ffda1f3446c9c904118a37a5604fff03bc3
03,Ingram eBook Agency Comp Report for 6116305 (USD).xls,2,INGRAM_EBOOK,6116305,USD,9781950719419,"Girl, You're Not Crazy. You're Dealing With a Narcissist",0,0,0,806f50d557fa699c29e6d18b6b13b4287850325d8e8f7113ef245e3150cce640,a16dece409349d1fa471e535bc0bbf4fa278f3745af2cca5144ae18751202567
03,Ingram eBook Agency Comp Report for 6116305 (USD).xls,3,INGRAM_EBOOK,6116305,USD,9781954414594,"Almost Happy",0,0,0,806f50d557fa699c29e6d18b6b13b4287850325d8e8f7113ef245e3150cce640,9759c337d4c797bdcee8bfc15dad1c0de034b5a7046138e2372f650bb7ec1448
03,Ingram eBook Wholesale Comp Report for 6116305 (USD).xls,2,INGRAM_EBOOK,6116305,USD,9781950719419,"Girl, You're Not Crazy. You're Dealing With a Narcissist",0,0,0,f9262807d61dca5095e84072b6eec630b17fefef3febc7caa467a6a178f57452,a30f45110d3356e0c478d1846a7274927ab97db574d9995935e9fb4df3049450
03,Ingram eBook Wholesale Comp Report for 6116305 (USD).xls,3,INGRAM_EBOOK,6116305,USD,9781950719556,"Speech Therapy Works!",0,0,0,f9262807d61dca5095e84072b6eec630b17fefef3febc7caa467a6a178f57452,3c445af0753eb7db5509f7e28ff1cff605ee930c20b5d6dd3a1fb6e3714a8f96
03,Ingram eBook Wholesale Comp Report for 6116305 (USD).xls,4,INGRAM_EBOOK,6116305,USD,9781954414228,"You�re Still Not Crazy",0,0,0,f9262807d61dca5095e84072b6eec630b17fefef3febc7caa467a6a178f57452,ff53f99f3318fb07949ce574615cf7e6a7ab0a3dec419eaa4d292f1c388fae60
03,Ingram eBook Wholesale Comp Report for 6116305 (USD).xls,5,INGRAM_EBOOK,6116305,USD,9781961475120,"The Great Hair Restart",0,0,0,f9262807d61dca5095e84072b6eec630b17fefef3febc7caa467a6a178f57452,1dc8eb23a1d170f28c3b7e8de8cae535adf8c0c793ed02a4640ce7c65ba55069
03,Ingram eBook Wholesale Comp Report for 6116305 (USD).xls,6,INGRAM_EBOOK,6116305,USD,9781961475120,"The Great Hair Restart",0,0,0,f9262807d61dca5095e84072b6eec630b17fefef3febc7caa467a6a178f57452,5d212a22d99acd113e180e365748b6beee3cc4893e8f1bc9c09839af338f5d1e
03,LSI POD Wholesale Comp Report for 9118734 (US-USD).xls,2,INGRAM_POD,9118734,USD,1792313705,"Come Out Of Hiding: Activating Deliverance",0,0,0,6a426f55c0e6aa5cb94019d12e1cf04cee41b73a9358cc247395e2b246ed75a9,7c7bdea89fc178fd1b8dbd9613e2df56b09ac36ab7979328d80be83557d33df8
03,LSI POD Wholesale Comp Report for 9118734 (US-USD).xls,3,INGRAM_POD,9118734,USD,1950719138,"Establishing Glory 3: The Marriage Handbook",0,0,0,6a426f55c0e6aa5cb94019d12e1cf04cee41b73a9358cc247395e2b246ed75a9,890b3b54acc54b5c82017073dc2ebb686ebe1f77cefe5da951cccc601ba77608
03,LSI POD Wholesale Comp Report for 9118734 (US-USD).xls,4,INGRAM_POD,9118734,USD,1950719561,"Speech Therapy Works!: Juliana's Story",1,4.79,2.27,6a426f55c0e6aa5cb94019d12e1cf04cee41b73a9358cc247395e2b246ed75a9,930725f3742b31b0a6d722061f4048565bf1aec07ebf144b8f5c0b94a2682027
03,LSI POD Wholesale Comp Report for 9118734 (US-USD).xls,5,INGRAM_POD,9118734,USD,1950719944,"Love Lucy",0,0,0,6a426f55c0e6aa5cb94019d12e1cf04cee41b73a9358cc247395e2b246ed75a9,d5e2e0311e4e6beb0ff5e090928b7d32c01b3ff6554262b554c787c6c3c8408c
03,LSI POD Wholesale Comp Report for 9118734 (US-USD).xls,6,INGRAM_POD,9118734,USD,1954414315,"What Goes Up Must Come Down Let's Face It",1,8.99,4,6a426f55c0e6aa5cb94019d12e1cf04cee41b73a9358cc247395e2b246ed75a9,6ce03626a26efcd57ae6036486ec2ba4f22e591d3af4e517be5d1b183b669532
03,LSI POD Wholesale Comp Report for 9118734 (US-USD).xls,7,INGRAM_POD,9118734,USD,195441448X,"The Master's Piece",1,8.99,5.6,6a426f55c0e6aa5cb94019d12e1cf04cee41b73a9358cc247395e2b246ed75a9,9285d8dcbe9d413cea5c15de655c2288d20d98328038c2d655f3eb5a1a236a4e
03,LSI POD Wholesale Comp Report for 9118734 (US-USD).xls,8,INGRAM_POD,9118734,USD,1954414935,"Hodge Podge of Life",2,15,7.4,6a426f55c0e6aa5cb94019d12e1cf04cee41b73a9358cc247395e2b246ed75a9,b7545327a8bf10ccce581ade52f3fdf951d9799c590f37298dde0bccfd7b1bc1
03,LSI POD Wholesale Comp Report for 9118734 (US-USD).xls,9,INGRAM_POD,9118734,USD,1961475219,"Taylor Made: My Life, My Story",1,11.99,7.72,6a426f55c0e6aa5cb94019d12e1cf04cee41b73a9358cc247395e2b246ed75a9,f72c82947205c3f27008b8102d8c7eba6a99cc34d9d2491e5fff5b3ef45b0cb5
03,LSI POD Wholesale Comp Report for 9118734 (US-USD).xls,10,INGRAM_POD,9118734,USD,1961475367,"27 Days to Overcoming Depression: Debunking All the Lies",0,0,0,6a426f55c0e6aa5cb94019d12e1cf04cee41b73a9358cc247395e2b246ed75a9,56df1bd6043307cef8bdda0752c85cfc46ee41e331d104813ae50454b71a02cb
03,LSI POD Wholesale Comp Report for 9118734 (US-USD).xls,11,INGRAM_POD,9118734,USD,1961475510,"Warriors and Angels: Liberating Inner Power in the Journey of Life",1,6.75,2.72,6a426f55c0e6aa5cb94019d12e1cf04cee41b73a9358cc247395e2b246ed75a9,8c50b7a628a80ecc226bce52d611746c5dd2745021cc69b9207a07eb625dbc1d
03,LSI POD Wholesale Comp Report for 9118734 (US-USD).xls,12,INGRAM_POD,9118734,USD,1961475537,"The Paper Champ",2,11.7,5.87,6a426f55c0e6aa5cb94019d12e1cf04cee41b73a9358cc247395e2b246ed75a9,5a7a700f2a59d8b4b62434a74cb5d20fb6eb3cc9489d4db58a1936eb13a0eaa7
03,LSI POD Wholesale Comp Report for 9118734 (US-USD).xls,13,INGRAM_POD,9118734,USD,1961475553,"The Sun, The Shadow, and The Silence",1,4.5,1.87,6a426f55c0e6aa5cb94019d12e1cf04cee41b73a9358cc247395e2b246ed75a9,e52f607b22766aac56422a2e265cfcdf8eb4d4ef924ae0d79543d8e280d8c976
04,Ingram eBook Wholesale Comp Report for 6116305 (USD).xls,2,INGRAM_EBOOK,6116305,USD,9781954414433,"The Doctrine of Last Things",0,0,0,0d012d985a04016d49440aa574899441246f0ea4a6bf79a9bc62979a12568d3f,da2dd16226834318eafe61fd01c512331476bb097253aef9521548590e9d6b80
04,Ingram eBook Wholesale Comp Report for 6116305 (USD).xls,3,INGRAM_EBOOK,6116305,USD,9781954414471,"The Master�s Piece",0,0,0,0d012d985a04016d49440aa574899441246f0ea4a6bf79a9bc62979a12568d3f,a4bfbd4068bbe4450d0f7817432aa0a7517d678cc1bd31b9154dc611c975c905
04,LSI POD Wholesale Comp Report for 9118734 (US-USD).xls,2,INGRAM_POD,9118734,USD,1792313705,"Come Out Of Hiding: Activating Deliverance",0,0,0,8e09cdb477b0e8717991b5435be9ef14a1b81a7ae88f9bf4213cf284d91b2d68,1ac203d17b79d467e20f2315ea17ee1bae2bfd83759ca67a329046245531ae7a
04,LSI POD Wholesale Comp Report for 9118734 (US-USD).xls,3,INGRAM_POD,9118734,USD,1950719138,"Establishing Glory 3: The Marriage Handbook",0,0,0,8e09cdb477b0e8717991b5435be9ef14a1b81a7ae88f9bf4213cf284d91b2d68,08ce37f4e90d62f653937d2d816a13cb93d23bd78755d802a4c038721eefdbf9
04,LSI POD Wholesale Comp Report for 9118734 (US-USD).xls,4,INGRAM_POD,9118734,USD,1950719561,"Speech Therapy Works!: Juliana's Story",1,4.79,2.16,8e09cdb477b0e8717991b5435be9ef14a1b81a7ae88f9bf4213cf284d91b2d68,b4659132f1ac804492d11bf9db217bf0a788e76b50d840d2333c3f10ef238c44
04,LSI POD Wholesale Comp Report for 9118734 (US-USD).xls,5,INGRAM_POD,9118734,USD,1950719944,"Love Lucy",0,0,0,8e09cdb477b0e8717991b5435be9ef14a1b81a7ae88f9bf4213cf284d91b2d68,16b3d737394c9849ccfeb3c98371465a2db634d07ee4beab368ea6b4c30d9b7d
04,LSI POD Wholesale Comp Report for 9118734 (US-USD).xls,6,INGRAM_POD,9118734,USD,1954414315,"What Goes Up Must Come Down Let's Face It",0,0,0,8e09cdb477b0e8717991b5435be9ef14a1b81a7ae88f9bf4213cf284d91b2d68,4ae6cf0604d0768a802183be19682a75a9f9e04928ea5c32a62bf602c0a1a5a5
04,LSI POD Wholesale Comp Report for 9118734 (US-USD).xls,7,INGRAM_POD,9118734,USD,1954414463,"My ABCs",1,8.39,3.69,8e09cdb477b0e8717991b5435be9ef14a1b81a7ae88f9bf4213cf284d91b2d68,f880e4adcaf59075d4721fb71b12f7f5656af8bce3acbd08cb2ce176fc512493
04,LSI POD Wholesale Comp Report for 9118734 (US-USD).xls,8,INGRAM_POD,9118734,USD,195441448X,"The Master's Piece",0,0,0,8e09cdb477b0e8717991b5435be9ef14a1b81a7ae88f9bf4213cf284d91b2d68,e80bfed8b93fcaa168cb8fe26ab6248904d2fd3e4fb14e0803c7bf3f96c7fdd8
04,LSI POD Wholesale Comp Report for 9118734 (US-USD).xls,9,INGRAM_POD,9118734,USD,1954414641,"The Never Before Told Story of the Gelatin Monster",8,68.82,20.18,8e09cdb477b0e8717991b5435be9ef14a1b81a7ae88f9bf4213cf284d91b2d68,72139465346056b0a0b3a61395aed7f0c772de1a3ff6ecceb1260df837b16928
04,LSI POD Wholesale Comp Report for 9118734 (US-USD).xls,10,INGRAM_POD,9118734,USD,1954414935,"Hodge Podge of Life",0,0,0,8e09cdb477b0e8717991b5435be9ef14a1b81a7ae88f9bf4213cf284d91b2d68,11d33fa5657211e9081b409852f30a58da2d673826c4947064a3f29e43f085b3
04,LSI POD Wholesale Comp Report for 9118734 (US-USD).xls,11,INGRAM_POD,9118734,USD,1961475014,"The Master's Piece",1,12.59,5.28,8e09cdb477b0e8717991b5435be9ef14a1b81a7ae88f9bf4213cf284d91b2d68,fafb96dfe9fa5a847d8f7d938d01ca4b454f05080693c562749221c8b2ac739b
04,LSI POD Wholesale Comp Report for 9118734 (US-USD).xls,12,INGRAM_POD,9118734,USD,1961475138,"The Great Hair Restart: The Ultimate Guide to Resetting Your Natural Hair Journey with Confidence",2,23.98,17.04,8e09cdb477b0e8717991b5435be9ef14a1b81a7ae88f9bf4213cf284d91b2d68,b33bc0ab64589759dffad5110c008e572c3f9f3e84154fe8c5a3c7975c32f200
04,LSI POD Wholesale Comp Report for 9118734 (US-USD).xls,13,INGRAM_POD,9118734,USD,1961475219,"Taylor Made: My Life, My Story",1,11.99,7.72,8e09cdb477b0e8717991b5435be9ef14a1b81a7ae88f9bf4213cf284d91b2d68,9345421e528df4bcfc08a486caa05a120f55e23249ecee1249bb6c9faacc31bc
04,LSI POD Wholesale Comp Report for 9118734 (US-USD).xls,14,INGRAM_POD,9118734,USD,196147526X,"The Great Hair Restart: The Journal",1,16.79,6.81,8e09cdb477b0e8717991b5435be9ef14a1b81a7ae88f9bf4213cf284d91b2d68,9b641e947704a4a7b6b44361e909740250c65cda53333f0e19e8ad24c83d5f30
04,LSI POD Wholesale Comp Report for 9118734 (US-USD).xls,15,INGRAM_POD,9118734,USD,1961475367,"27 Days to Overcoming Depression: Debunking All the Lies",0,0,0,8e09cdb477b0e8717991b5435be9ef14a1b81a7ae88f9bf4213cf284d91b2d68,d7e53a200f5443334c4428a1093272707f719fbf9c626663dbaba4dbfd41a8a9
04,LSI POD Wholesale Comp Report for 9118734 (US-USD).xls,16,INGRAM_POD,9118734,USD,1961475510,"Warriors and Angels: Liberating Inner Power in the Journey of Life",1,6.75,2.72,8e09cdb477b0e8717991b5435be9ef14a1b81a7ae88f9bf4213cf284d91b2d68,ba51a444075dc82994a55b9c3de80c03098887b1ef8966cdc9d39d50bb55c6b3
04,LSI POD Wholesale Comp Report for 9118734 (US-USD).xls,17,INGRAM_POD,9118734,USD,1961475537,"The Paper Champ",1,5.85,2.96,8e09cdb477b0e8717991b5435be9ef14a1b81a7ae88f9bf4213cf284d91b2d68,fc7fb0c30e484f2394125803af4ce9c0c7863a8ac6918f9f18924f665f8d16d3
04,LSI POD Wholesale Comp Report for 9118734 (US-USD).xls,18,INGRAM_POD,9118734,USD,1961475553,"The Sun, The Shadow, and The Silence",0,0,0.54,8e09cdb477b0e8717991b5435be9ef14a1b81a7ae88f9bf4213cf284d91b2d68,c64184d4b2516421cb21e33ea119a7a9d2f9c2906a2ee04d646fe8cf3eae3927
04,LSI POD Wholesale Comp Report for 9118734 (US-USD).xls,19,INGRAM_POD,9118734,USD,1961475618,"The Messenger 2",2,14.4,7.7,8e09cdb477b0e8717991b5435be9ef14a1b81a7ae88f9bf4213cf284d91b2d68,641288aeceb321800d8771a4e7e7fbd68d857f9700656fec8fe6ea5f7d9e69a6
05,Ingram eBook Wholesale Comp Report for 6116305 (USD).xls,2,INGRAM_EBOOK,6116305,USD,9781954414099,"Hop, Hop, Hop",0,0,0,410599fdb0a5023abb781236f16202163e8bc9caf1eb6ae3445c4084f2de1b6e,ceac0b8f8f5dd1823c6b38c744ae09b0e9c2652a794ba8480fbb17608099fa75
05,Ingram eBook Wholesale Comp Report for 6116305 (USD).xls,3,INGRAM_EBOOK,6116305,USD,9781954414594,"Almost Happy",0,0,0,410599fdb0a5023abb781236f16202163e8bc9caf1eb6ae3445c4084f2de1b6e,94a6d66ed6b6342aef9bc4c99f9fe94f9710ad2606b463bc4e773a88ad263518
05,Ingram eBook Wholesale Comp Report for 6116305 (USD).xls,4,INGRAM_EBOOK,6116305,USD,9781954414907,"Biblical Prescriptions For Life�s Troubles",0,0,0,410599fdb0a5023abb781236f16202163e8bc9caf1eb6ae3445c4084f2de1b6e,19f9bf63d786d27b55ce4165c4fd4169c05e70c9442b612f6cef1ab5387062ec
05,Ingram eBook Wholesale Comp Report for 6116305 (USD).xls,5,INGRAM_EBOOK,6116305,USD,9781961475120,"The Great Hair Restart",0,0,0,410599fdb0a5023abb781236f16202163e8bc9caf1eb6ae3445c4084f2de1b6e,3f32da2b9a51ff42f38cb624438737af3aac2ac28be38a4fa708f5b99b2c56e1
05,Ingram eBook Wholesale Comp Report for 6116305 (USD).xls,6,INGRAM_EBOOK,6116305,USD,9781961475120,"The Great Hair Restart",0,0,0,410599fdb0a5023abb781236f16202163e8bc9caf1eb6ae3445c4084f2de1b6e,0a950f5252cebca66111aeccf8837ed695a494fc516c0274499af79ffd90bce1
05,Ingram eBook Wholesale Comp Report for 6116305 (USD).xls,7,INGRAM_EBOOK,6116305,USD,9781961475465,"Your Peace is a Priority",0,0,0,410599fdb0a5023abb781236f16202163e8bc9caf1eb6ae3445c4084f2de1b6e,0fbf2441d24dddd00447f6ac25c6fc2dc064dea6c21323c122861193724d366c
05,LSI Global Connect Sales Compensation Report for 6116305 (USD).xls,2,INGRAM_POD,6116305,USD,1961475588,"100 Wisdom Lessons for Life and Living",2,41.98,11.2,c3146c1f464d69e27d8def3dd64a7ea4dc05f4706cb7155c192ef07fd33a4940,a8cd4ec35d4586be5355eb60f6c9860f22df61f7fc1269eebb97dcb5fed1dbf3
05,LSI Global Connect Sales Compensation Report for 9118734 (USD).xls,2,INGRAM_POD,9118734,USD,1961475618,"The Messenger 2",3,21.6,11.55,e3a244c8a745a0b666a83d372da7b70f8ea61e941667e832af8e417a65da93f1,c9ff948dd253b999bc454839a1e6e1cdb531938a879873558c26556179217845
05,LSI Global Connect Sales Compensation Report for 9118734 (USD).xls,3,INGRAM_POD,9118734,USD,1961475669,"A Portrait of Paradise",1,13.5,3.91,e3a244c8a745a0b666a83d372da7b70f8ea61e941667e832af8e417a65da93f1,b8573d9b83c4ce2b012a21776c3382581dda0e2e61e3d9588662bc5b3a4a896c
05,LSI POD Wholesale Comp Report for 6116305 (US-USD).xls,2,INGRAM_POD,6116305,USD,196147557X,"100 Wisdom Lessons for Life and Living",72,1108.08,380.16,f21151c8d374dde886aa4bb9552768b69020ec721c5df2cbf3110448f2d3b7a3,ed2091b0df11fc40965703562bbaa590840366085eee7c9e3825e7736a6fef3f
05,LSI POD Wholesale Comp Report for 6116305 (US-USD).xls,3,INGRAM_POD,6116305,USD,1961475588,"100 Wisdom Lessons for Life and Living",64,1343.36,358.4,f21151c8d374dde886aa4bb9552768b69020ec721c5df2cbf3110448f2d3b7a3,7ed6c8c353a327519d331862d882b42ff94b5b15cc89ef757492afbc576304eb
05,LSI POD Wholesale Comp Report for 9118734 (US-USD).xls,2,INGRAM_POD,9118734,USD,1792313705,"Come Out Of Hiding: Activating Deliverance",0,0,0,f10458dcd9c09fa67c31561f475ffc75e46586620760c1739eb067671a82cda3,854763b79d4ee8dfa9e3a2dbf893c00293aa4f57fc117597d0f6eb767030c537
05,LSI POD Wholesale Comp Report for 9118734 (US-USD).xls,3,INGRAM_POD,9118734,USD,1950719030,"Establishing Glory 2: The Relationship Handbook (2nd Edition)",1,9,5.43,f10458dcd9c09fa67c31561f475ffc75e46586620760c1739eb067671a82cda3,1e861ef3b30a2f7de1d1f1732abc3f9159c1b179860af7fb449ac1c67d30374c
05,LSI POD Wholesale Comp Report for 9118734 (US-USD).xls,4,INGRAM_POD,9118734,USD,1950719138,"Establishing Glory 3: The Marriage Handbook",0,0,0,f10458dcd9c09fa67c31561f475ffc75e46586620760c1739eb067671a82cda3,4a3c2be85837221237df0887fb8a0d496fca0b9d1e54afa3b7afc8e72b9b032a
05,LSI POD Wholesale Comp Report for 9118734 (US-USD).xls,5,INGRAM_POD,9118734,USD,1950719529,"Never Give Up On Love",1,7.79,4,f10458dcd9c09fa67c31561f475ffc75e46586620760c1739eb067671a82cda3,aec0169267f4d584e5fab26af7258cbf6fb43852ea5ac16cf995e002fcace5b4
05,LSI POD Wholesale Comp Report for 9118734 (US-USD).xls,6,INGRAM_POD,9118734,USD,1950719561,"Speech Therapy Works!: Juliana's Story",1,4.79,2.16,f10458dcd9c09fa67c31561f475ffc75e46586620760c1739eb067671a82cda3,464dbb276f39ba3aaab22d960d4029b6ed52dbbf26244b7bf5fd5a3fd492bb6e
05,LSI POD Wholesale Comp Report for 9118734 (US-USD).xls,7,INGRAM_POD,9118734,USD,1950719669,"A Principal's Tale: A Self-Determined Leader",1,10.79,7.31,f10458dcd9c09fa67c31561f475ffc75e46586620760c1739eb067671a82cda3,8584d336c32aabec21bfab90260816984e4fb175a2860fdb537fe5a18559d86a
05,LSI POD Wholesale Comp Report for 9118734 (US-USD).xls,8,INGRAM_POD,9118734,USD,1950719804,"Inspirations from God: God is Gooood!",1,8.99,2.47,f10458dcd9c09fa67c31561f475ffc75e46586620760c1739eb067671a82cda3,3950cce0db629657fa5ba0908e9a5904c5e52856f7603b7f0c011280b0aca4f6
05,LSI POD Wholesale Comp Report for 9118734 (US-USD).xls,9,INGRAM_POD,9118734,USD,1950719944,"Love Lucy",1,5.99,3.42,f10458dcd9c09fa67c31561f475ffc75e46586620760c1739eb067671a82cda3,17d2337a7b67b5a7a52d3317af05a92eb2ea466091fc776ce309c09b441f7817
05,LSI POD Wholesale Comp Report for 9118734 (US-USD).xls,10,INGRAM_POD,9118734,USD,1950719987,"Love Is An Action Word",1,5.99,3.16,f10458dcd9c09fa67c31561f475ffc75e46586620760c1739eb067671a82cda3,7c6c31c9775ad009cf661aa4ed75db08369d9a44f0e950a9c92157fc9c494d98
05,LSI POD Wholesale Comp Report for 9118734 (US-USD).xls,11,INGRAM_POD,9118734,USD,1954414315,"What Goes Up Must Come Down Let's Face It",0,0,0,f10458dcd9c09fa67c31561f475ffc75e46586620760c1739eb067671a82cda3,555ccd33064c4f08b3b8865db4c35033dcaf5acb8772bea17fe505c0fef3bed8
05,LSI POD Wholesale Comp Report for 9118734 (US-USD).xls,12,INGRAM_POD,9118734,USD,1954414463,"My ABCs",0,0,0,f10458dcd9c09fa67c31561f475ffc75e46586620760c1739eb067671a82cda3,6688d641a4026403142d67789376af6e1a29ab592953e2827e8db900e1791b98
05,LSI POD Wholesale Comp Report for 9118734 (US-USD).xls,13,INGRAM_POD,9118734,USD,195441448X,"The Master's Piece",0,0,0,f10458dcd9c09fa67c31561f475ffc75e46586620760c1739eb067671a82cda3,ef9c46a71206786417f64b25492d7982b30ba14e039ea682a90608a5176b78c1
05,LSI POD Wholesale Comp Report for 9118734 (US-USD).xls,14,INGRAM_POD,9118734,USD,1954414641,"The Never Before Told Story of the Gelatin Monster",0,0,0,f10458dcd9c09fa67c31561f475ffc75e46586620760c1739eb067671a82cda3,11bc63347c1a1d34ea1383e9652de77d41132b41e317f07c72a4e46473adaab3
05,LSI POD Wholesale Comp Report for 9118734 (US-USD).xls,15,INGRAM_POD,9118734,USD,1954414781,"Your Brain Has Too Much What, Mommy??",6,27,13.74,f10458dcd9c09fa67c31561f475ffc75e46586620760c1739eb067671a82cda3,e42b2072f2c3b8fe012099b6db46bbdfb9e1498caeeb1aa8a8efd3fd4a17dfb0
05,LSI POD Wholesale Comp Report for 9118734 (US-USD).xls,16,INGRAM_POD,9118734,USD,1954414935,"Hodge Podge of Life",0,0,0,f10458dcd9c09fa67c31561f475ffc75e46586620760c1739eb067671a82cda3,e790b3dced9fcb2eace49cb72dd59d1d50323b9f74b59775ed5f1796a6662cfb
05,LSI POD Wholesale Comp Report for 9118734 (US-USD).xls,17,INGRAM_POD,9118734,USD,1961475014,"The Master's Piece",0,0,0,f10458dcd9c09fa67c31561f475ffc75e46586620760c1739eb067671a82cda3,66103e1f9b2445a901ab9180fc4b4a22fe5b4e1af309a0ed59692d82ef2d2c18
05,LSI POD Wholesale Comp Report for 9118734 (US-USD).xls,18,INGRAM_POD,9118734,USD,1961475138,"The Great Hair Restart: The Ultimate Guide to Resetting Your Natural Hair Journey with Confidence",0,0,0,f10458dcd9c09fa67c31561f475ffc75e46586620760c1739eb067671a82cda3,5dde9338b31c8ee8aec96021992f2833ae8ca23293220db7c2d75c4ddb2dab67
05,LSI POD Wholesale Comp Report for 9118734 (US-USD).xls,19,INGRAM_POD,9118734,USD,1961475219,"Taylor Made: My Life, My Story",1,11.99,7.72,f10458dcd9c09fa67c31561f475ffc75e46586620760c1739eb067671a82cda3,a7e95d6586b04706acd9ab51788f5f6328c393e038f012837175374795e5b265
05,LSI POD Wholesale Comp Report for 9118734 (US-USD).xls,20,INGRAM_POD,9118734,USD,196147526X,"The Great Hair Restart: The Journal",0,0,0,f10458dcd9c09fa67c31561f475ffc75e46586620760c1739eb067671a82cda3,91a619ee4b975269067dd44c66be4d9bf241d7b003b8dd78e28de2b7d7555175
05,LSI POD Wholesale Comp Report for 9118734 (US-USD).xls,21,INGRAM_POD,9118734,USD,1961475367,"27 Days to Overcoming Depression: Debunking All the Lies",0,0,0,f10458dcd9c09fa67c31561f475ffc75e46586620760c1739eb067671a82cda3,05acfebafd56c59a3d1728d243237ac9771677f2502e4fc848777cf9ab0d49cf
05,LSI POD Wholesale Comp Report for 9118734 (US-USD).xls,22,INGRAM_POD,9118734,USD,1961475383,"War Mother",1,8.99,5.12,f10458dcd9c09fa67c31561f475ffc75e46586620760c1739eb067671a82cda3,58c0053652c25ce6d5c24c35c5aa7ead6fc681a2c293638c9d5a5e0140461f2b
05,LSI POD Wholesale Comp Report for 9118734 (US-USD).xls,23,INGRAM_POD,9118734,USD,1961475510,"Warriors and Angels: Liberating Inner Power in the Journey of Life",0,0,0,f10458dcd9c09fa67c31561f475ffc75e46586620760c1739eb067671a82cda3,3f8732ab127556d5ed7cd4433f94945d6587d91c3c295ceaa52aad9d6402d689
05,LSI POD Wholesale Comp Report for 9118734 (US-USD).xls,24,INGRAM_POD,9118734,USD,1961475537,"The Paper Champ",0,0,0,f10458dcd9c09fa67c31561f475ffc75e46586620760c1739eb067671a82cda3,5d401b0a18fe069673e89fc9e98f9bdab253ea70447c521f01e39966b0c4dcf3
05,LSI POD Wholesale Comp Report for 9118734 (US-USD).xls,25,INGRAM_POD,9118734,USD,1961475553,"The Sun, The Shadow, and The Silence",0,0,0,f10458dcd9c09fa67c31561f475ffc75e46586620760c1739eb067671a82cda3,d2361461849a1302346c898bed791a12cbc880c6abdf1bc561bc12ad044eea36
05,LSI POD Wholesale Comp Report for 9118734 (US-USD).xls,26,INGRAM_POD,9118734,USD,1961475618,"The Messenger 2",4,28.8,15.4,f10458dcd9c09fa67c31561f475ffc75e46586620760c1739eb067671a82cda3,b2447e4a5fdcc54bed00000fcc33a275ce232e0702c904b6634486f99ceede38
05,LSI POD Wholesale Comp Report for 9118734 (US-USD).xls,27,INGRAM_POD,9118734,USD,1961475650,"A Portrait of Paradise",1,9,3.18,f10458dcd9c09fa67c31561f475ffc75e46586620760c1739eb067671a82cda3,0917624960388262f13f907ccf59bc8ccec205caa3d22b9b86a82addf6891b60
05,LSI POD Wholesale Comp Report for 9118734 (US-USD).xls,28,INGRAM_POD,9118734,USD,1961475979,"When A Thug Meets Jesus",1,5.99,3.74,f10458dcd9c09fa67c31561f475ffc75e46586620760c1739eb067671a82cda3,a6189b76ab0364f0728934d83a11813dbd7752b32d0a30fe749ce36b2372f449
06,Ingram eBook Agency Comp Report for 6116305 (USD).xls,2,INGRAM_EBOOK,6116305,USD,9781950719129,"Number 23 and Me",0,0,0,8cddf2ccdd36e1aee857472b04f11ad2d6a7da04b714a6c061dc6d774070eb4b,cf25f601fc6545c0edb6de1efbbe0a3e7d387f9097e1748465e8e42890c7fe14
06,Ingram eBook Agency Comp Report for 6116305 (USD).xls,3,INGRAM_EBOOK,6116305,USD,9781954414945,"Hodge Podge of Life",0,0,0,8cddf2ccdd36e1aee857472b04f11ad2d6a7da04b714a6c061dc6d774070eb4b,d167ecbb89c18483f44760edb55a0a466d0e37b43324b53317fee0980ec6e765
06,Ingram eBook Agency Comp Report for 6116305 (USD).xls,4,INGRAM_EBOOK,6116305,USD,9781961475625,"The Messenger 2",0,0,0,8cddf2ccdd36e1aee857472b04f11ad2d6a7da04b714a6c061dc6d774070eb4b,af88d4c4be338cd8252fa77cd9678f2970aaaab22183d116a1e8af7da0026924
06,Ingram eBook Wholesale Comp Report for 6116305 (USD).xls,2,INGRAM_EBOOK,6116305,USD,9781950719556,"Speech Therapy Works!",0,0,0,556d0c08abc976e457791f32dd47e9963cf2ed4a88b8450ca083264fbf6234b0,dd3eb1e0b6b7cac359444b7786d1042d59d6ef54ad6e59a1e8c10b18deb4e962
06,Ingram eBook Wholesale Comp Report for 6116305 (USD).xls,3,INGRAM_EBOOK,6116305,USD,9781950719693,"Help God, I Am Lost",0,0,0,556d0c08abc976e457791f32dd47e9963cf2ed4a88b8450ca083264fbf6234b0,0393d2a443127be2a7ff64ede0b3cb38daccceeb5819ee3c55fda3fc212dad78
06,Ingram eBook Wholesale Comp Report for 6116305 (USD).xls,4,INGRAM_EBOOK,6116305,USD,9781950719754,"Help God, I Am Sad",0,0,0,556d0c08abc976e457791f32dd47e9963cf2ed4a88b8450ca083264fbf6234b0,4a36fa7c34b82353acce3e62d03ad0c70ee43c40de473567a104c408b51a4ef4
06,Ingram eBook Wholesale Comp Report for 6116305 (USD).xls,5,INGRAM_EBOOK,6116305,USD,9781954414228,"You�re Still Not Crazy",0,0,0,556d0c08abc976e457791f32dd47e9963cf2ed4a88b8450ca083264fbf6234b0,632eb608052813fa09219f8b1f9190de7ca056e2a820f6d649e8e5b562095fa6
06,Ingram eBook Wholesale Comp Report for 6116305 (USD).xls,6,INGRAM_EBOOK,6116305,USD,9781954414594,"Almost Happy",0,0,0,556d0c08abc976e457791f32dd47e9963cf2ed4a88b8450ca083264fbf6234b0,7c9df9e62deec3cd5ceb627f032c805a15528f7ce19ac8b517e110f9780a3dd7
06,Ingram eBook Wholesale Comp Report for 6116305 (USD).xls,7,INGRAM_EBOOK,6116305,USD,9781961475595,"100 Wisdom Lessons for Life and Living",0,0,0,556d0c08abc976e457791f32dd47e9963cf2ed4a88b8450ca083264fbf6234b0,1ce02478db85ff54877696f60f9c40cf675460a487d095fb6aca71e687ea40ce
06,LSI Global Connect Sales Compensation Report for 9118734 (USD).xls,2,INGRAM_POD,9118734,USD,1961475618,"The Messenger 2",0,0,0,4231b8ad161f9345c2c9ab1582bb0a98d1e7de4c5cb9efba1cdf332723fdba90,7a7ab45416acaf7cd33714d8d7987d489d5e321f528d132aa8b34ebc3085174b
06,LSI Global Connect Sales Compensation Report for 9118734 (USD).xls,3,INGRAM_POD,9118734,USD,1961475634,"The Fight for the Promiseland: Battle Strategies for Victorious People",2,9,4.86,4231b8ad161f9345c2c9ab1582bb0a98d1e7de4c5cb9efba1cdf332723fdba90,4200543cb6b276ab51a0d4045341cbe16e4c39ba022d86c619e8c3cf14b6bec5
06,LSI Global Connect Sales Compensation Report for 9118734 (USD).xls,4,INGRAM_POD,9118734,USD,1961475650,"A Portrait of Paradise",6,54,19.08,4231b8ad161f9345c2c9ab1582bb0a98d1e7de4c5cb9efba1cdf332723fdba90,a4a46f0e08a882b5af08f36356fe1a571328f3a8683a8bc6cae2dbcb9343351f
06,LSI Global Connect Sales Compensation Report for 9118734 (USD).xls,5,INGRAM_POD,9118734,USD,1961475669,"A Portrait of Paradise",3,40.5,11.73,4231b8ad161f9345c2c9ab1582bb0a98d1e7de4c5cb9efba1cdf332723fdba90,4ec500b42dd7e7b5db82d22f80a933a413b11d039b9c27a19aef2d833e588936
06,LSI POD Wholesale Comp Report for 6116305 (US-USD).xls,2,INGRAM_POD,6116305,USD,196147557X,"100 Wisdom Lessons for Life and Living",33,398.97,65.34,308a3726961bb57b6362e875177e25070b4b6367d662e0a3f0674132c64c253c,fb5eaf22d28554e575dc5577f52c8ad00de02e61cac143fd309977a23a4e89a2
06,LSI POD Wholesale Comp Report for 6116305 (US-USD).xls,3,INGRAM_POD,6116305,USD,1961475588,"100 Wisdom Lessons for Life and Living",3,53.97,7.8,308a3726961bb57b6362e875177e25070b4b6367d662e0a3f0674132c64c253c,803a9610980272dca541d1c6678c34d3741dd953e9bb4df37ffa5fc4824edc42
06,LSI POD Wholesale Comp Report for 6116305 (US-USD).xls,4,INGRAM_POD,6116305,USD,1961475723,"Music Ministry Unplugged: Real Lessons for Those who Lead and Serve in Music Ministry",11,115.39,84.48,308a3726961bb57b6362e875177e25070b4b6367d662e0a3f0674132c64c253c,6dc652837da970903910723f792a58c19f7a842ae12949a41669e0a613b0e470
06,LSI POD Wholesale Comp Report for 9118734 (US-USD).xls,2,INGRAM_POD,9118734,USD,985263121,"God's Business Plan",1,8.99,5.16,13ea9fc2cbb8d9840ebc68e63ddaf69eebd825afcbe9957a5252eae42170782f,50093ee1649bea59b6b1a5702e7cc27934ddbe0554df91da472035ce0d738785
06,LSI POD Wholesale Comp Report for 9118734 (US-USD).xls,3,INGRAM_POD,9118734,USD,1792313705,"Come Out Of Hiding: Activating Deliverance",0,0,0,13ea9fc2cbb8d9840ebc68e63ddaf69eebd825afcbe9957a5252eae42170782f,ff1bd4b09a43c3f3733d37500625ebb3bf054a550a05626252cd5e875ad1096d
06,LSI POD Wholesale Comp Report for 9118734 (US-USD).xls,4,INGRAM_POD,9118734,USD,1950719006,"Establishing Glory: The Praise and Worship Handbook (2nd Edition)",1,9,5.75,13ea9fc2cbb8d9840ebc68e63ddaf69eebd825afcbe9957a5252eae42170782f,d75fd6e13ee96f96c6f67f935a82e7eef7cb1a0310e9913ba30f0b1a8e5b8da1
06,LSI POD Wholesale Comp Report for 9118734 (US-USD).xls,5,INGRAM_POD,9118734,USD,1950719030,"Establishing Glory 2: The Relationship Handbook (2nd Edition)",0,0,0,13ea9fc2cbb8d9840ebc68e63ddaf69eebd825afcbe9957a5252eae42170782f,5cf8aed5df8e4ea53e72887487a1639f1596b00c1b86d322f67e6bbf502ff4b4
06,LSI POD Wholesale Comp Report for 9118734 (US-USD).xls,6,INGRAM_POD,9118734,USD,1950719138,"Establishing Glory 3: The Marriage Handbook",1,9,4.96,13ea9fc2cbb8d9840ebc68e63ddaf69eebd825afcbe9957a5252eae42170782f,064feb899cfceae9c10b8b2e29433d036db0bc59e233f0cba323527ab1ec8ecc
06,LSI POD Wholesale Comp Report for 9118734 (US-USD).xls,7,INGRAM_POD,9118734,USD,1950719189,"Destined To Break The Curse Devotional",1,8.99,6.15,13ea9fc2cbb8d9840ebc68e63ddaf69eebd825afcbe9957a5252eae42170782f,c7050ecb74928d54d27cc5734961961977916ba8d6bbe62c9c257cde3cceecda
06,LSI POD Wholesale Comp Report for 9118734 (US-USD).xls,8,INGRAM_POD,9118734,USD,1950719200,"Are You Sure That You Are Ready?: A Guide for Vendors",1,14.99,12.26,13ea9fc2cbb8d9840ebc68e63ddaf69eebd825afcbe9957a5252eae42170782f,360a05f3846e4edba7a8f08468c6f789f149884f3a59322412bf48bcaf7fd1bb
06,LSI POD Wholesale Comp Report for 9118734 (US-USD).xls,9,INGRAM_POD,9118734,USD,1950719219,"The Essence of Life, Love Letters to Christ: Poems of Life and Love from the Pages of the Heart",1,5.99,2.46,13ea9fc2cbb8d9840ebc68e63ddaf69eebd825afcbe9957a5252eae42170782f,3c3883f37da2a97d9c83f102bcedfa9075a3fe1d34c9d2441e4398d053ca3e53
06,LSI POD Wholesale Comp Report for 9118734 (US-USD).xls,10,INGRAM_POD,9118734,USD,1950719286,"Jewels by Lady J: A Book of Daily Devotion and Reflection One Day at a Time",1,11.99,5.26,13ea9fc2cbb8d9840ebc68e63ddaf69eebd825afcbe9957a5252eae42170782f,8e2c823a75693172317305bc32ba50f3f01dfa51adf5b209fd600f44bf7f1d7a
06,LSI POD Wholesale Comp Report for 9118734 (US-USD).xls,11,INGRAM_POD,9118734,USD,1950719324,"A Truebies Guide, Part 2",1,11.99,8.83,13ea9fc2cbb8d9840ebc68e63ddaf69eebd825afcbe9957a5252eae42170782f,68d69c244e113296d389f3b5b94d9740f76b5d826b27350dd006ae6cce5e121c
06,LSI POD Wholesale Comp Report for 9118734 (US-USD).xls,12,INGRAM_POD,9118734,USD,1950719448,"Because the Lord is My Shepherd: Psalm 23 and Me",1,8.99,6.01,13ea9fc2cbb8d9840ebc68e63ddaf69eebd825afcbe9957a5252eae42170782f,1afe01e397b27548d884a2356d85621befe728c6d1911e7c209de90332e7f95f
06,LSI POD Wholesale Comp Report for 9118734 (US-USD).xls,13,INGRAM_POD,9118734,USD,1950719464,"Conquer Your Fears and Win",1,5.99,3.42,13ea9fc2cbb8d9840ebc68e63ddaf69eebd825afcbe9957a5252eae42170782f,22c2091eb61b357bb25323055ba2dfe1cfd590d6ad2aa624f511b5677f951046
06,LSI POD Wholesale Comp Report for 9118734 (US-USD).xls,14,INGRAM_POD,9118734,USD,1950719499,"Focus, Trust, & Follow",1,5.99,3.62,13ea9fc2cbb8d9840ebc68e63ddaf69eebd825afcbe9957a5252eae42170782f,d83cb98f0f0cb967ed12e312cbd51feb53ec3772b1656de8999ed9bce25757a0
06,LSI POD Wholesale Comp Report for 9118734 (US-USD).xls,15,INGRAM_POD,9118734,USD,1950719529,"Never Give Up On Love",0,0,0,13ea9fc2cbb8d9840ebc68e63ddaf69eebd825afcbe9957a5252eae42170782f,3f7353e851037fadc14e5a36c3d2cdaca74bdf8d5b4817a14744fe8013251674
06,LSI POD Wholesale Comp Report for 9118734 (US-USD).xls,16,INGRAM_POD,9118734,USD,1950719561,"Speech Therapy Works!: Juliana's Story",1,4.79,2.16,13ea9fc2cbb8d9840ebc68e63ddaf69eebd825afcbe9957a5252eae42170782f,795b7503ecdc182ed15ebdf404f08fabc5660dd060cadba5782b1d9ea458e5af
06,LSI POD Wholesale Comp Report for 9118734 (US-USD).xls,17,INGRAM_POD,9118734,USD,1950719642,"The Release of the Spirit",1,8.39,5.22,13ea9fc2cbb8d9840ebc68e63ddaf69eebd825afcbe9957a5252eae42170782f,00baf4ff9571b8d121d4c02b5ef317ca71b93cfcb6711106746705a5dc393a8f
06,LSI POD Wholesale Comp Report for 9118734 (US-USD).xls,18,INGRAM_POD,9118734,USD,1950719669,"A Principal's Tale: A Self-Determined Leader",0,0,0,13ea9fc2cbb8d9840ebc68e63ddaf69eebd825afcbe9957a5252eae42170782f,886b648bef2248d52fc91766749007e21e4b751c3ea5cc891d1bed452348e865
06,LSI POD Wholesale Comp Report for 9118734 (US-USD).xls,19,INGRAM_POD,9118734,USD,1950719804,"Inspirations from God: God is Gooood!",1,8.99,2.47,13ea9fc2cbb8d9840ebc68e63ddaf69eebd825afcbe9957a5252eae42170782f,9c3dd97b7ebe1cb62f7f7ba0472180787846b51c3491139d66a12f015bce376d
06,LSI POD Wholesale Comp Report for 9118734 (US-USD).xls,20,INGRAM_POD,9118734,USD,195071988X,"God's Nudge",1,11.99,6.87,13ea9fc2cbb8d9840ebc68e63ddaf69eebd825afcbe9957a5252eae42170782f,0aa2d397f8decd24ae0cf6110202f3246efed2236feb276900d212fe190d1cd6
06,LSI POD Wholesale Comp Report for 9118734 (US-USD).xls,21,INGRAM_POD,9118734,USD,1950719901,"SHE: An Expose' of Her Insufficiencies",1,11.99,8.83,13ea9fc2cbb8d9840ebc68e63ddaf69eebd825afcbe9957a5252eae42170782f,8374368519d01fe15003ce7a58b8ae4f273ffe1fb8e021bfb4c071aa0550e16c
06,LSI POD Wholesale Comp Report for 9118734 (US-USD).xls,22,INGRAM_POD,9118734,USD,1950719928,"365 Days of Transparency",1,8.99,1.89,13ea9fc2cbb8d9840ebc68e63ddaf69eebd825afcbe9957a5252eae42170782f,20d0385e00fb875890268a6f64a28bbcd07b6b8a4d6e6be979aaf1f8becf16b2
06,LSI POD Wholesale Comp Report for 9118734 (US-USD).xls,23,INGRAM_POD,9118734,USD,1950719944,"Love Lucy",0,0,0,13ea9fc2cbb8d9840ebc68e63ddaf69eebd825afcbe9957a5252eae42170782f,a634d890d3a9b67cb30bf2a19e570261d6fa0c85c1ffcf6acbae405bdc22e5bd
06,LSI POD Wholesale Comp Report for 9118734 (US-USD).xls,24,INGRAM_POD,9118734,USD,1950719960,"Support Beyond the Cycle",1,8.99,6.27,13ea9fc2cbb8d9840ebc68e63ddaf69eebd825afcbe9957a5252eae42170782f,36b7e0cdca9eb0ea232d61a75019b4459ba050ea10892c0fc50179aa6b86e59c
06,LSI POD Wholesale Comp Report for 9118734 (US-USD).xls,25,INGRAM_POD,9118734,USD,1950719987,"Love Is An Action Word",1,5.99,3.16,13ea9fc2cbb8d9840ebc68e63ddaf69eebd825afcbe9957a5252eae42170782f,87c6a8eb068e002403cab393495262fd06c0341d15a378ea7ac206687b2ab24b
06,LSI POD Wholesale Comp Report for 9118734 (US-USD).xls,26,INGRAM_POD,9118734,USD,1954414005,"Abortion!: George and Giovanna",1,8.99,6.1,13ea9fc2cbb8d9840ebc68e63ddaf69eebd825afcbe9957a5252eae42170782f,d008a9217d11af6c82f00a68d8dbd8baa139bde32f1b61b8442dbdac23e694b7
06,LSI POD Wholesale Comp Report for 9118734 (US-USD).xls,27,INGRAM_POD,9118734,USD,1954414048,"Bodacious: Controversial and Provocative",1,5.99,3.33,13ea9fc2cbb8d9840ebc68e63ddaf69eebd825afcbe9957a5252eae42170782f,fbb6c2135039c495fdfbbc0bcdd8b3cc9efe0062a1e88b371da042e8e719b8b5
06,LSI POD Wholesale Comp Report for 9118734 (US-USD).xls,28,INGRAM_POD,9118734,USD,1954414145,"More Than A Village: Raising Black Men in America",1,8.99,6.07,13ea9fc2cbb8d9840ebc68e63ddaf69eebd825afcbe9957a5252eae42170782f,1ba6235a6f930934f015d0476ddd79127d843d52887e6ee626e88934b6450cb8
06,LSI POD Wholesale Comp Report for 9118734 (US-USD).xls,29,INGRAM_POD,9118734,USD,1954414161,"Connected!: Unlocking the DNA of Authentic Prayer - 2nd Edition",1,8.99,4.34,13ea9fc2cbb8d9840ebc68e63ddaf69eebd825afcbe9957a5252eae42170782f,d7a7765192b11dd2791f44c15935412022f42d50458e69ad2d96d4327d6eed90
06,LSI POD Wholesale Comp Report for 9118734 (US-USD).xls,30,INGRAM_POD,9118734,USD,1954414196,"Memoir of a Black Christian Nationalist: Seeds of Liberation",1,11.99,5.61,13ea9fc2cbb8d9840ebc68e63ddaf69eebd825afcbe9957a5252eae42170782f,e8e8d10c4361dce875b6051b914c3683f691ebcdf5829e4fac81053ea3551d9a
06,LSI POD Wholesale Comp Report for 9118734 (US-USD).xls,31,INGRAM_POD,9118734,USD,1954414234,"You're Still Not Crazy: You May Be An Empath Dealing With A Narcissist",1,8.99,5.86,13ea9fc2cbb8d9840ebc68e63ddaf69eebd825afcbe9957a5252eae42170782f,32a3617ec5e90d4ab39d7673b700192b05ad94a6010b610aaa34c2fdb484c738
06,LSI POD Wholesale Comp Report for 9118734 (US-USD).xls,32,INGRAM_POD,9118734,USD,1954414293,"The Journey: The Inspiration and Message Behind the Music",1,8.99,6.15,13ea9fc2cbb8d9840ebc68e63ddaf69eebd825afcbe9957a5252eae42170782f,6005d07c370eb5f4cbd9801b50e97da0fd48f3e6512323817d150ffc81807e5f
06,LSI POD Wholesale Comp Report for 9118734 (US-USD).xls,33,INGRAM_POD,9118734,USD,1954414315,"What Goes Up Must Come Down Let's Face It",0,0,0,13ea9fc2cbb8d9840ebc68e63ddaf69eebd825afcbe9957a5252eae42170782f,f6754ef42a7567098ae492d036c37053e6a5e0def0a350e73d29dd3882860ff6
06,LSI POD Wholesale Comp Report for 9118734 (US-USD).xls,34,INGRAM_POD,9118734,USD,1954414390,"A Little Bit of Everything",1,8.99,4.44,13ea9fc2cbb8d9840ebc68e63ddaf69eebd825afcbe9957a5252eae42170782f,3701973e91119642391581f7c652319ac90c8bb7f908e9b737fee62b2e495c39
06,LSI POD Wholesale Comp Report for 9118734 (US-USD).xls,35,INGRAM_POD,9118734,USD,1954414412,"God's Word For This World",1,11.99,7.05,13ea9fc2cbb8d9840ebc68e63ddaf69eebd825afcbe9957a5252eae42170782f,25c2c5f468dee1a562c196b4bd1476f95ff20a0f30fcb91a444620a992ae9fd3
06,LSI POD Wholesale Comp Report for 9118734 (US-USD).xls,36,INGRAM_POD,9118734,USD,1954414463,"My ABCs",0,0,0,13ea9fc2cbb8d9840ebc68e63ddaf69eebd825afcbe9957a5252eae42170782f,41813ffea92a0197d63727440c198e64f8755800f7a758cb88259a579adc1489
06,LSI POD Wholesale Comp Report for 9118734 (US-USD).xls,37,INGRAM_POD,9118734,USD,195441448X,"The Master's Piece",0,0,0,13ea9fc2cbb8d9840ebc68e63ddaf69eebd825afcbe9957a5252eae42170782f,25d88856342dd05cdb6dc2c3c67a93b7c60c2357ae79505b7dabf59811eca969
06,LSI POD Wholesale Comp Report for 9118734 (US-USD).xls,38,INGRAM_POD,9118734,USD,1954414641,"The Never Before Told Story of the Gelatin Monster",0,0,0,13ea9fc2cbb8d9840ebc68e63ddaf69eebd825afcbe9957a5252eae42170782f,fc52e8924da9fc251ec6992718bfe4f40e0ac407e9c9c752217c684499178f99
06,LSI POD Wholesale Comp Report for 9118734 (US-USD).xls,39,INGRAM_POD,9118734,USD,1954414684,"The Princess and the Black-eyed Pea",1,11.99,-0.09,13ea9fc2cbb8d9840ebc68e63ddaf69eebd825afcbe9957a5252eae42170782f,d84b31275fcff5d88b8cab19b0bea6b953d152b4e559abce8c686d37708c7dd8
06,LSI POD Wholesale Comp Report for 9118734 (US-USD).xls,40,INGRAM_POD,9118734,USD,1954414781,"Your Brain Has Too Much What, Mommy??",0,0,0,13ea9fc2cbb8d9840ebc68e63ddaf69eebd825afcbe9957a5252eae42170782f,7502f9916532984ef68e36030caa61b6d04dda4dad9845c05a21efbdb86a250e
06,LSI POD Wholesale Comp Report for 9118734 (US-USD).xls,41,INGRAM_POD,9118734,USD,1954414935,"Hodge Podge of Life",0,0,0,13ea9fc2cbb8d9840ebc68e63ddaf69eebd825afcbe9957a5252eae42170782f,b5e6170c2301a746fb1c729c5d9ebdcb9517f94b9d1394732989956b559f5fb3
06,LSI POD Wholesale Comp Report for 9118734 (US-USD).xls,42,INGRAM_POD,9118734,USD,1961475014,"The Master's Piece",0,0,0,13ea9fc2cbb8d9840ebc68e63ddaf69eebd825afcbe9957a5252eae42170782f,6b489aec06dbb07f37ed2e0cb1880cc5de263323c4a9bc3f73ba71f42c3ebf68
06,LSI POD Wholesale Comp Report for 9118734 (US-USD).xls,43,INGRAM_POD,9118734,USD,1961475138,"The Great Hair Restart: The Ultimate Guide to Resetting Your Natural Hair Journey with Confidence",0,0,0,13ea9fc2cbb8d9840ebc68e63ddaf69eebd825afcbe9957a5252eae42170782f,1baf13a8c56577ffa7b6aeafd15080a46bd5ea5ab6c41214fad56ba779502b97
06,LSI POD Wholesale Comp Report for 9118734 (US-USD).xls,44,INGRAM_POD,9118734,USD,1961475219,"Taylor Made: My Life, My Story",0,0,0,13ea9fc2cbb8d9840ebc68e63ddaf69eebd825afcbe9957a5252eae42170782f,a3ab6844aa836a8366d816625eb84a9023a3d5271da5c7bd2d200244bec09006
06,LSI POD Wholesale Comp Report for 9118734 (US-USD).xls,45,INGRAM_POD,9118734,USD,196147526X,"The Great Hair Restart: The Journal",1,16.79,6.81,13ea9fc2cbb8d9840ebc68e63ddaf69eebd825afcbe9957a5252eae42170782f,03a8468bdcf12dff649c0177761ab217f74b4ece5317f27073e5fe4661ff7c2b
06,LSI POD Wholesale Comp Report for 9118734 (US-USD).xls,46,INGRAM_POD,9118734,USD,1961475367,"27 Days to Overcoming Depression: Debunking All the Lies",0,0,0,13ea9fc2cbb8d9840ebc68e63ddaf69eebd825afcbe9957a5252eae42170782f,99425410e0d2560b40e69171c46b2ef58c3fd10ade738b6be02749c69345eb44
06,LSI POD Wholesale Comp Report for 9118734 (US-USD).xls,47,INGRAM_POD,9118734,USD,1961475383,"War Mother",0,0,0,13ea9fc2cbb8d9840ebc68e63ddaf69eebd825afcbe9957a5252eae42170782f,3b9600df551c92935fb2fab2ebf881d51409e6dc8e1c1737c8ebab8da1444467
06,LSI POD Wholesale Comp Report for 9118734 (US-USD).xls,48,INGRAM_POD,9118734,USD,1961475510,"Warriors and Angels: Liberating Inner Power in the Journey of Life",0,0,0,13ea9fc2cbb8d9840ebc68e63ddaf69eebd825afcbe9957a5252eae42170782f,4ccd29c68baf5daf1185bdc2c1dd0fca481397fafb31485434201efcdbee62e5
06,LSI POD Wholesale Comp Report for 9118734 (US-USD).xls,49,INGRAM_POD,9118734,USD,1961475537,"The Paper Champ",0,0,0.24,13ea9fc2cbb8d9840ebc68e63ddaf69eebd825afcbe9957a5252eae42170782f,8bbff943f2b135e678f6bcdbe0c7aa8818857f9ddc4ec84d0e92097801db9416
06,LSI POD Wholesale Comp Report for 9118734 (US-USD).xls,50,INGRAM_POD,9118734,USD,1961475553,"The Sun, The Shadow, and The Silence",0,0,0,13ea9fc2cbb8d9840ebc68e63ddaf69eebd825afcbe9957a5252eae42170782f,9b091e1949d65543d8ffcc28445fcef97ced47c9963683a65dbaae3be2a999e8
06,LSI POD Wholesale Comp Report for 9118734 (US-USD).xls,51,INGRAM_POD,9118734,USD,1961475618,"The Messenger 2",0,0,0,13ea9fc2cbb8d9840ebc68e63ddaf69eebd825afcbe9957a5252eae42170782f,d11b73086611bcddb579798e5eef64be5931808a3490c7eb96a0ada6f30647c9
06,LSI POD Wholesale Comp Report for 9118734 (US-USD).xls,52,INGRAM_POD,9118734,USD,1961475634,"The Fight for the Promiseland: Battle Strategies for Victorious People",3,13.5,7.29,13ea9fc2cbb8d9840ebc68e63ddaf69eebd825afcbe9957a5252eae42170782f,7511ae95b414abee1a5a369eb2d9ce805a42981e8654f31250bb5c3f5b22ab87
06,LSI POD Wholesale Comp Report for 9118734 (US-USD).xls,53,INGRAM_POD,9118734,USD,1961475650,"A Portrait of Paradise",1,9,3.18,13ea9fc2cbb8d9840ebc68e63ddaf69eebd825afcbe9957a5252eae42170782f,22cfa56b41950691a3f3f6d689b56bd1aac0c77045d8dbba2b6b4655289e8462
06,LSI POD Wholesale Comp Report for 9118734 (US-USD).xls,54,INGRAM_POD,9118734,USD,1961475669,"A Portrait of Paradise",1,13.5,3.91,13ea9fc2cbb8d9840ebc68e63ddaf69eebd825afcbe9957a5252eae42170782f,82faddb34dae85dc50adacc43f113658ee417b98ca97f05b4aee399ba971f3e7
06,LSI POD Wholesale Comp Report for 9118734 (US-USD).xls,55,INGRAM_POD,9118734,USD,1961475707,"Damaged",11,74.25,29.92,13ea9fc2cbb8d9840ebc68e63ddaf69eebd825afcbe9957a5252eae42170782f,d30140ad21fcaa01554845113e7e30a68748487d956604fb89820b1ad9ce3bc2
06,LSI POD Wholesale Comp Report for 9118734 (US-USD).xls,56,INGRAM_POD,9118734,USD,1961475979,"When A Thug Meets Jesus",0,0,0,13ea9fc2cbb8d9840ebc68e63ddaf69eebd825afcbe9957a5252eae42170782f,8812d9a7a15c66204bdbeb0acd7699ed1939bb91fe2d2722e603f768cba20cf5