decisionType,author,title,manifestRowNumber,amountAffected,recommendedAction,consequence,alternatives
JACKIE IDENTITY DECISION,Alesia Corpening,"A Truebies Guide, Part 2",1,6.18,"Canonical title is available, but author/contact/payee identity is not safe for automatic royalty linkage.","If approved/resolved, row can be evaluated for draft statement loading; if rejected, row remains excluded/held with documented reason.",Approve mapping; correct mapping; exclude as duplicate/non-royalty; hold for missing source.
JACKIE IDENTITY DECISION,Brandyn McElroy,Support Beyond the Cycle,2,4.39,"Canonical title is available, but author/contact/payee identity is not safe for automatic royalty linkage.","If approved/resolved, row can be evaluated for draft statement loading; if rejected, row remains excluded/held with documented reason.",Approve mapping; correct mapping; exclude as duplicate/non-royalty; hold for missing source.
JACKIE TITLE DECISION,Carolyn Pierce,Because the Lord is My Shepherd: Psalm 23 and Me,3,18.02,Manifest title could not be mapped to exactly one canonical title under approved crosswalk.,"If approved/resolved, row can be evaluated for draft statement loading; if rejected, row remains excluded/held with documented reason.",Approve mapping; correct mapping; exclude as duplicate/non-royalty; hold for missing source.
JACKIE TITLE DECISION,Carolyn Pierce,Abortion!: George and Giovanna,4,18.02,Manifest title could not be mapped to exactly one canonical title under approved crosswalk.,"If approved/resolved, row can be evaluated for draft statement loading; if rejected, row remains excluded/held with documented reason.",Approve mapping; correct mapping; exclude as duplicate/non-royalty; hold for missing source.
JACKIE TITLE DECISION,Carolyn Pierce,More Than A Village: Raising Black Men in America,5,18.02,Manifest title could not be mapped to exactly one canonical title under approved crosswalk.,"If approved/resolved, row can be evaluated for draft statement loading; if rejected, row remains excluded/held with documented reason.",Approve mapping; correct mapping; exclude as duplicate/non-royalty; hold for missing source.
JACKIE TITLE DECISION,Carolyn Pierce,You're Still Not Crazy: You May Be An Empath Dealing With A Narcissist,6,18.02,Manifest title could not be mapped to exactly one canonical title under approved crosswalk.,"If approved/resolved, row can be evaluated for draft statement loading; if rejected, row remains excluded/held with documented reason.",Approve mapping; correct mapping; exclude as duplicate/non-royalty; hold for missing source.
JACKIE TITLE DECISION,Carolyn Pierce,Youíre Still Not Crazy,7,18.02,Manifest title could not be mapped to exactly one canonical title under approved crosswalk.,"If approved/resolved, row can be evaluated for draft statement loading; if rejected, row remains excluded/held with documented reason.",Approve mapping; correct mapping; exclude as duplicate/non-royalty; hold for missing source.
JACKIE TITLE DECISION,Cheryl Cook,The Fight for the Promiseland: Battle Strategies for Victorious People,8,8.50,Manifest title could not be mapped to exactly one canonical title under approved crosswalk.,"If approved/resolved, row can be evaluated for draft statement loading; if rejected, row remains excluded/held with documented reason.",Approve mapping; correct mapping; exclude as duplicate/non-royalty; hold for missing source.
JACKIE TITLE DECISION,Cynthia Sloan,Speech Therapy Works!: Juliana's Story,11,1.51,Manifest title could not be mapped to exactly one canonical title under approved crosswalk.,"If approved/resolved, row can be evaluated for draft statement loading; if rejected, row remains excluded/held with documented reason.",Approve mapping; correct mapping; exclude as duplicate/non-royalty; hold for missing source.
JACKIE IDENTITY DECISION,Cynthia Sloan,Speech Therapy Works!,12,1.51,"Canonical title is available, but author/contact/payee identity is not safe for automatic royalty linkage.","If approved/resolved, row can be evaluated for draft statement loading; if rejected, row remains excluded/held with documented reason.",Approve mapping; correct mapping; exclude as duplicate/non-royalty; hold for missing source.
JACKIE TITLE DECISION,Cynthia Sloan,Speech Therapy Works!: Juliana's Story,13,1.67,Manifest title could not be mapped to exactly one canonical title under approved crosswalk.,"If approved/resolved, row can be evaluated for draft statement loading; if rejected, row remains excluded/held with documented reason.",Approve mapping; correct mapping; exclude as duplicate/non-royalty; hold for missing source.
JACKIE IDENTITY DECISION,Cynthia Sloan,Speech Therapy Works!,14,1.67,"Canonical title is available, but author/contact/payee identity is not safe for automatic royalty linkage.","If approved/resolved, row can be evaluated for draft statement loading; if rejected, row remains excluded/held with documented reason.",Approve mapping; correct mapping; exclude as duplicate/non-royalty; hold for missing source.
JACKIE IDENTITY DECISION,Daphanny Baker,The Messenger 2,15,18.86,"Canonical title is available, but author/contact/payee identity is not safe for automatic royalty linkage.","If approved/resolved, row can be evaluated for draft statement loading; if rejected, row remains excluded/held with documented reason.",Approve mapping; correct mapping; exclude as duplicate/non-royalty; hold for missing source.
JACKIE IDENTITY DECISION,Daphanny Baker,365 Days of Transparency,16,18.86,"Canonical title is available, but author/contact/payee identity is not safe for automatic royalty linkage.","If approved/resolved, row can be evaluated for draft statement loading; if rejected, row remains excluded/held with documented reason.",Approve mapping; correct mapping; exclude as duplicate/non-royalty; hold for missing source.
JACKIE IDENTITY DECISION,Daphanny Baker,The Messenger 2,17,10.32,"Canonical title is available, but author/contact/payee identity is not safe for automatic royalty linkage.","If approved/resolved, row can be evaluated for draft statement loading; if rejected, row remains excluded/held with documented reason.",Approve mapping; correct mapping; exclude as duplicate/non-royalty; hold for missing source.
JACKIE IDENTITY DECISION,Daphanny Baker,365 Days of Transparency,18,10.32,"Canonical title is available, but author/contact/payee identity is not safe for automatic royalty linkage.","If approved/resolved, row can be evaluated for draft statement loading; if rejected, row remains excluded/held with documented reason.",Approve mapping; correct mapping; exclude as duplicate/non-royalty; hold for missing source.
JACKIE TITLE DECISION,Darlene Carson,SHE: An Expose' of Her Insufficiencies,19,6.18,Manifest title could not be mapped to exactly one canonical title under approved crosswalk.,"If approved/resolved, row can be evaluated for draft statement loading; if rejected, row remains excluded/held with documented reason.",Approve mapping; correct mapping; exclude as duplicate/non-royalty; hold for missing source.
JACKIE TITLE DECISION,Dennis Brown,Connected!: Unlocking the DNA of Authentic Prayer - 2nd Edition,20,3.04,Manifest title could not be mapped to exactly one canonical title under approved crosswalk.,"If approved/resolved, row can be evaluated for draft statement loading; if rejected, row remains excluded/held with documented reason.",Approve mapping; correct mapping; exclude as duplicate/non-royalty; hold for missing source.
JACKIE TITLE DECISION,Edith Clay,Inspirations from God: God is Gooood!,22,1.73,Manifest title could not be mapped to exactly one canonical title under approved crosswalk.,"If approved/resolved, row can be evaluated for draft statement loading; if rejected, row remains excluded/held with documented reason.",Approve mapping; correct mapping; exclude as duplicate/non-royalty; hold for missing source.
JACKIE TITLE DECISION,Edith Clay,Inspirations from God: God is Gooood!,23,1.73,Manifest title could not be mapped to exactly one canonical title under approved crosswalk.,"If approved/resolved, row can be evaluated for draft statement loading; if rejected, row remains excluded/held with documented reason.",Approve mapping; correct mapping; exclude as duplicate/non-royalty; hold for missing source.
JACKIE TITLE DECISION,Ericka Thornton,Are You Sure That You Are Ready?: A Guide for Vendors,24,8.58,Manifest title could not be mapped to exactly one canonical title under approved crosswalk.,"If approved/resolved, row can be evaluated for draft statement loading; if rejected, row remains excluded/held with documented reason.",Approve mapping; correct mapping; exclude as duplicate/non-royalty; hold for missing source.
JACKIE IDENTITY DECISION,Eryonna Barrino,A Little Bit of Everything,25,3.11,"Canonical title is available, but author/contact/payee identity is not safe for automatic royalty linkage.","If approved/resolved, row can be evaluated for draft statement loading; if rejected, row remains excluded/held with documented reason.",Approve mapping; correct mapping; exclude as duplicate/non-royalty; hold for missing source.
JACKIE IDENTITY DECISION,Essence Easley,"Your Brain Has Too Much What, Mommy??",26,9.62,"Canonical title is available, but author/contact/payee identity is not safe for automatic royalty linkage.","If approved/resolved, row can be evaluated for draft statement loading; if rejected, row remains excluded/held with documented reason.",Approve mapping; correct mapping; exclude as duplicate/non-royalty; hold for missing source.
JACKIE IDENTITY DECISION,Gloria Patterson,Conquer Your Fears and Win,27,2.39,"Canonical title is available, but author/contact/payee identity is not safe for automatic royalty linkage.","If approved/resolved, row can be evaluated for draft statement loading; if rejected, row remains excluded/held with documented reason.",Approve mapping; correct mapping; exclude as duplicate/non-royalty; hold for missing source.
JACKIE IDENTITY DECISION,J Derrick Johnson,100 Wisdom Lessons for Life and Living,30,524.83,"Canonical title is available, but author/contact/payee identity is not safe for automatic royalty linkage.","If approved/resolved, row can be evaluated for draft statement loading; if rejected, row remains excluded/held with documented reason.",Approve mapping; correct mapping; exclude as duplicate/non-royalty; hold for missing source.
JACKIE IDENTITY DECISION,J Derrick Johnson,100 Wisdom Lessons for Life and Living,31,86.90,"Canonical title is available, but author/contact/payee identity is not safe for automatic royalty linkage.","If approved/resolved, row can be evaluated for draft statement loading; if rejected, row remains excluded/held with documented reason.",Approve mapping; correct mapping; exclude as duplicate/non-royalty; hold for missing source.
JACKIE TITLE DECISION,Jackie Smith,Establishing Glory 2: The Relationship Handbook (2nd Edition),32,3.80,Manifest title could not be mapped to exactly one canonical title under approved crosswalk.,"If approved/resolved, row can be evaluated for draft statement loading; if rejected, row remains excluded/held with documented reason.",Approve mapping; correct mapping; exclude as duplicate/non-royalty; hold for missing source.
JACKIE TITLE DECISION,Jackie Smith,Establishing Glory 3: The Marriage Handbook,33,3.80,Manifest title could not be mapped to exactly one canonical title under approved crosswalk.,"If approved/resolved, row can be evaluated for draft statement loading; if rejected, row remains excluded/held with documented reason.",Approve mapping; correct mapping; exclude as duplicate/non-royalty; hold for missing source.
JACKIE IDENTITY DECISION,Jackie Smith,Establishing Glory: The Praise and Worship Handbook (2nd Edition),34,3.80,"Canonical title is available, but author/contact/payee identity is not safe for automatic royalty linkage.","If approved/resolved, row can be evaluated for draft statement loading; if rejected, row remains excluded/held with documented reason.",Approve mapping; correct mapping; exclude as duplicate/non-royalty; hold for missing source.
JACKIE TITLE DECISION,Jackie Smith,Establishing Glory 2: The Relationship Handbook (2nd Edition),35,7.50,Manifest title could not be mapped to exactly one canonical title under approved crosswalk.,"If approved/resolved, row can be evaluated for draft statement loading; if rejected, row remains excluded/held with documented reason.",Approve mapping; correct mapping; exclude as duplicate/non-royalty; hold for missing source.
JACKIE TITLE DECISION,Jackie Smith,Establishing Glory 3: The Marriage Handbook,36,7.50,Manifest title could not be mapped to exactly one canonical title under approved crosswalk.,"If approved/resolved, row can be evaluated for draft statement loading; if rejected, row remains excluded/held with documented reason.",Approve mapping; correct mapping; exclude as duplicate/non-royalty; hold for missing source.
JACKIE IDENTITY DECISION,Jackie Smith,Establishing Glory: The Praise and Worship Handbook (2nd Edition),37,7.50,"Canonical title is available, but author/contact/payee identity is not safe for automatic royalty linkage.","If approved/resolved, row can be evaluated for draft statement loading; if rejected, row remains excluded/held with documented reason.",Approve mapping; correct mapping; exclude as duplicate/non-royalty; hold for missing source.
JACKIE TITLE DECISION,Janet Stephens,Jewels by Lady J: A Book of Daily Devotion and Reflection One Day at a Time,38,3.68,Manifest title could not be mapped to exactly one canonical title under approved crosswalk.,"If approved/resolved, row can be evaluated for draft statement loading; if rejected, row remains excluded/held with documented reason.",Approve mapping; correct mapping; exclude as duplicate/non-royalty; hold for missing source.
JACKIE IDENTITY DECISION,Jaylonna Stevette,Almost Happy,39,3.13,"Canonical title is available, but author/contact/payee identity is not safe for automatic royalty linkage.","If approved/resolved, row can be evaluated for draft statement loading; if rejected, row remains excluded/held with documented reason.",Approve mapping; correct mapping; exclude as duplicate/non-royalty; hold for missing source.
JACKIE TITLE DECISION,Jaylonna Stevette,Getting Back 2 Happy: The Chronicles of Tabby (Unabridged),40,3.13,Manifest title could not be mapped to exactly one canonical title under approved crosswalk.,"If approved/resolved, row can be evaluated for draft statement loading; if rejected, row remains excluded/held with documented reason.",Approve mapping; correct mapping; exclude as duplicate/non-royalty; hold for missing source.
JACKIE IDENTITY DECISION,Jaylonna Stevette,Almost Happy,41,1.65,"Canonical title is available, but author/contact/payee identity is not safe for automatic royalty linkage.","If approved/resolved, row can be evaluated for draft statement loading; if rejected, row remains excluded/held with documented reason.",Approve mapping; correct mapping; exclude as duplicate/non-royalty; hold for missing source.
JACKIE TITLE DECISION,Jaylonna Stevette,Getting Back 2 Happy: The Chronicles of Tabby (Unabridged),42,1.65,Manifest title could not be mapped to exactly one canonical title under approved crosswalk.,"If approved/resolved, row can be evaluated for draft statement loading; if rejected, row remains excluded/held with documented reason.",Approve mapping; correct mapping; exclude as duplicate/non-royalty; hold for missing source.
JACKIE TITLE DECISION,Karen Hill,The Great Hair Restart: The Ultimate Guide to Resetting Your Natural Hair Journey with Confidence,43,8.43,Manifest title could not be mapped to exactly one canonical title under approved crosswalk.,"If approved/resolved, row can be evaluated for draft statement loading; if rejected, row remains excluded/held with documented reason.",Approve mapping; correct mapping; exclude as duplicate/non-royalty; hold for missing source.
JACKIE TITLE DECISION,Karen Hill,The Great Hair Restart: The Journal,44,8.43,Manifest title could not be mapped to exactly one canonical title under approved crosswalk.,"If approved/resolved, row can be evaluated for draft statement loading; if rejected, row remains excluded/held with documented reason.",Approve mapping; correct mapping; exclude as duplicate/non-royalty; hold for missing source.
JACKIE IDENTITY DECISION,Karen Hill,The Great Hair Restart,45,8.43,"Canonical title is available, but author/contact/payee identity is not safe for automatic royalty linkage.","If approved/resolved, row can be evaluated for draft statement loading; if rejected, row remains excluded/held with documented reason.",Approve mapping; correct mapping; exclude as duplicate/non-royalty; hold for missing source.
JACKIE TITLE DECISION,Karen Hill,The Great Hair Restart: The Ultimate Guide to Resetting Your Natural Hair Journey with Confidence,46,4.77,Manifest title could not be mapped to exactly one canonical title under approved crosswalk.,"If approved/resolved, row can be evaluated for draft statement loading; if rejected, row remains excluded/held with documented reason.",Approve mapping; correct mapping; exclude as duplicate/non-royalty; hold for missing source.
JACKIE TITLE DECISION,Karen Hill,The Great Hair Restart: The Journal,47,4.77,Manifest title could not be mapped to exactly one canonical title under approved crosswalk.,"If approved/resolved, row can be evaluated for draft statement loading; if rejected, row remains excluded/held with documented reason.",Approve mapping; correct mapping; exclude as duplicate/non-royalty; hold for missing source.
JACKIE IDENTITY DECISION,Karen Hill,The Great Hair Restart,48,4.77,"Canonical title is available, but author/contact/payee identity is not safe for automatic royalty linkage.","If approved/resolved, row can be evaluated for draft statement loading; if rejected, row remains excluded/held with documented reason.",Approve mapping; correct mapping; exclude as duplicate/non-royalty; hold for missing source.
JACKIE IDENTITY DECISION,Kiena Hughley,Your Peace is a Priority,49,1.90,"Canonical title is available, but author/contact/payee identity is not safe for automatic royalty linkage.","If approved/resolved, row can be evaluated for draft statement loading; if rejected, row remains excluded/held with documented reason.",Approve mapping; correct mapping; exclude as duplicate/non-royalty; hold for missing source.
JACKIE IDENTITY DECISION,Kurt Broadnax,Love Is An Action Word,50,2.21,"Canonical title is available, but author/contact/payee identity is not safe for automatic royalty linkage.","If approved/resolved, row can be evaluated for draft statement loading; if rejected, row remains excluded/held with documented reason.",Approve mapping; correct mapping; exclude as duplicate/non-royalty; hold for missing source.
JACKIE IDENTITY DECISION,Kurt Broadnax,Love Is An Action Word,51,2.21,"Canonical title is available, but author/contact/payee identity is not safe for automatic royalty linkage.","If approved/resolved, row can be evaluated for draft statement loading; if rejected, row remains excluded/held with documented reason.",Approve mapping; correct mapping; exclude as duplicate/non-royalty; hold for missing source.
JACKIE IDENTITY DECISION,Lisa Taylor,Damaged,52,20.94,"Canonical title is available, but author/contact/payee identity is not safe for automatic royalty linkage.","If approved/resolved, row can be evaluated for draft statement loading; if rejected, row remains excluded/held with documented reason.",Approve mapping; correct mapping; exclude as duplicate/non-royalty; hold for missing source.
JACKIE IDENTITY DECISION,Lyle Goddard,The Release of the Spirit,53,3.65,"Canonical title is available, but author/contact/payee identity is not safe for automatic royalty linkage.","If approved/resolved, row can be evaluated for draft statement loading; if rejected, row remains excluded/held with documented reason.",Approve mapping; correct mapping; exclude as duplicate/non-royalty; hold for missing source.
JACKIE IDENTITY DECISION,Mack Hughley,When A Thug Meets Jesus,54,2.62,"Canonical title is available, but author/contact/payee identity is not safe for automatic royalty linkage.","If approved/resolved, row can be evaluated for draft statement loading; if rejected, row remains excluded/held with documented reason.",Approve mapping; correct mapping; exclude as duplicate/non-royalty; hold for missing source.
JACKIE IDENTITY DECISION,Mildred Beard,Hodge Podge of Life,55,3.98,"Canonical title is available, but author/contact/payee identity is not safe for automatic royalty linkage.","If approved/resolved, row can be evaluated for draft statement loading; if rejected, row remains excluded/held with documented reason.",Approve mapping; correct mapping; exclude as duplicate/non-royalty; hold for missing source.
JACKIE IDENTITY DECISION,Mildred Beard,Hodge Podge of Life,56,4.50,"Canonical title is available, but author/contact/payee identity is not safe for automatic royalty linkage.","If approved/resolved, row can be evaluated for draft statement loading; if rejected, row remains excluded/held with documented reason.",Approve mapping; correct mapping; exclude as duplicate/non-royalty; hold for missing source.
JACKIE TITLE DECISION,Nathaniel Short,Bodacious: Controversial and Provocative,57,2.33,Manifest title could not be mapped to exactly one canonical title under approved crosswalk.,"If approved/resolved, row can be evaluated for draft statement loading; if rejected, row remains excluded/held with documented reason.",Approve mapping; correct mapping; exclude as duplicate/non-royalty; hold for missing source.
JACKIE IDENTITY DECISION,Pamela Smith,Never Give Up On Love,58,2.80,"Canonical title is available, but author/contact/payee identity is not safe for automatic royalty linkage.","If approved/resolved, row can be evaluated for draft statement loading; if rejected, row remains excluded/held with documented reason.",Approve mapping; correct mapping; exclude as duplicate/non-royalty; hold for missing source.
JACKIE TITLE DECISION,Rosetta Perry,The Journey: The Inspiration and Message Behind the Music,59,4.30,Manifest title could not be mapped to exactly one canonical title under approved crosswalk.,"If approved/resolved, row can be evaluated for draft statement loading; if rejected, row remains excluded/held with documented reason.",Approve mapping; correct mapping; exclude as duplicate/non-royalty; hold for missing source.
JACKIE IDENTITY DECISION,Sean Smith Sr,Destined To Break The Curse Devotional,60,4.30,"Canonical title is available, but author/contact/payee identity is not safe for automatic royalty linkage.","If approved/resolved, row can be evaluated for draft statement loading; if rejected, row remains excluded/held with documented reason.",Approve mapping; correct mapping; exclude as duplicate/non-royalty; hold for missing source.
JACKIE IDENTITY DECISION,Shana Byrd,"Focus, Trust, & Follow",61,2.58,"Canonical title is available, but author/contact/payee identity is not safe for automatic royalty linkage.","If approved/resolved, row can be evaluated for draft statement loading; if rejected, row remains excluded/held with documented reason.",Approve mapping; correct mapping; exclude as duplicate/non-royalty; hold for missing source.
JACKIE IDENTITY DECISION,Shana Byrd,"Focus, Trust, & Follow",62,2.53,"Canonical title is available, but author/contact/payee identity is not safe for automatic royalty linkage.","If approved/resolved, row can be evaluated for draft statement loading; if rejected, row remains excluded/held with documented reason.",Approve mapping; correct mapping; exclude as duplicate/non-royalty; hold for missing source.
JACKIE TITLE DECISION,Shelley McIntosh,A Principal's Tale: A Self-Determined Leader,63,5.12,Manifest title could not be mapped to exactly one canonical title under approved crosswalk.,"If approved/resolved, row can be evaluated for draft statement loading; if rejected, row remains excluded/held with documented reason.",Approve mapping; correct mapping; exclude as duplicate/non-royalty; hold for missing source.
JACKIE TITLE DECISION,Shelley McIntosh,Warriors and Angels: Liberating Inner Power in the Journey of Life,64,5.12,Manifest title could not be mapped to exactly one canonical title under approved crosswalk.,"If approved/resolved, row can be evaluated for draft statement loading; if rejected, row remains excluded/held with documented reason.",Approve mapping; correct mapping; exclude as duplicate/non-royalty; hold for missing source.
JACKIE TITLE DECISION,Shelley McIntosh,Memoir of a Black Christian Nationalist: Seeds of Liberation,65,5.12,Manifest title could not be mapped to exactly one canonical title under approved crosswalk.,"If approved/resolved, row can be evaluated for draft statement loading; if rejected, row remains excluded/held with documented reason.",Approve mapping; correct mapping; exclude as duplicate/non-royalty; hold for missing source.
JACKIE TITLE DECISION,Shelley McIntosh,A Principal's Tale: A Self-Determined Leader,66,3.93,Manifest title could not be mapped to exactly one canonical title under approved crosswalk.,"If approved/resolved, row can be evaluated for draft statement loading; if rejected, row remains excluded/held with documented reason.",Approve mapping; correct mapping; exclude as duplicate/non-royalty; hold for missing source.
JACKIE TITLE DECISION,Shelley McIntosh,Warriors and Angels: Liberating Inner Power in the Journey of Life,67,3.93,Manifest title could not be mapped to exactly one canonical title under approved crosswalk.,"If approved/resolved, row can be evaluated for draft statement loading; if rejected, row remains excluded/held with documented reason.",Approve mapping; correct mapping; exclude as duplicate/non-royalty; hold for missing source.
JACKIE TITLE DECISION,Shelley McIntosh,Memoir of a Black Christian Nationalist: Seeds of Liberation,68,3.93,Manifest title could not be mapped to exactly one canonical title under approved crosswalk.,"If approved/resolved, row can be evaluated for draft statement loading; if rejected, row remains excluded/held with documented reason.",Approve mapping; correct mapping; exclude as duplicate/non-royalty; hold for missing source.
JACKIE IDENTITY DECISION,Tawonna Mars,"Hop, Hop, Hop",69,0.15,"Canonical title is available, but author/contact/payee identity is not safe for automatic royalty linkage.","If approved/resolved, row can be evaluated for draft statement loading; if rejected, row remains excluded/held with documented reason.",Approve mapping; correct mapping; exclude as duplicate/non-royalty; hold for missing source.
JACKIE IDENTITY DECISION,Tekisha Wimbush,God's Nudge,70,4.81,"Canonical title is available, but author/contact/payee identity is not safe for automatic royalty linkage.","If approved/resolved, row can be evaluated for draft statement loading; if rejected, row remains excluded/held with documented reason.",Approve mapping; correct mapping; exclude as duplicate/non-royalty; hold for missing source.
JACKIE IDENTITY DECISION,Terry Stephens,God's Business Plan,71,1.90,"Canonical title is available, but author/contact/payee identity is not safe for automatic royalty linkage.","If approved/resolved, row can be evaluated for draft statement loading; if rejected, row remains excluded/held with documented reason.",Approve mapping; correct mapping; exclude as duplicate/non-royalty; hold for missing source.
JACKIE TITLE DECISION,Terry Stephens,Biblical Prescriptions For Lifeís Troubles,72,1.90,Manifest title could not be mapped to exactly one canonical title under approved crosswalk.,"If approved/resolved, row can be evaluated for draft statement loading; if rejected, row remains excluded/held with documented reason.",Approve mapping; correct mapping; exclude as duplicate/non-royalty; hold for missing source.
JACKIE IDENTITY DECISION,Terry Stephens,God's Business Plan,73,3.61,"Canonical title is available, but author/contact/payee identity is not safe for automatic royalty linkage.","If approved/resolved, row can be evaluated for draft statement loading; if rejected, row remains excluded/held with documented reason.",Approve mapping; correct mapping; exclude as duplicate/non-royalty; hold for missing source.
JACKIE TITLE DECISION,Terry Stephens,Biblical Prescriptions For Lifeís Troubles,74,3.61,Manifest title could not be mapped to exactly one canonical title under approved crosswalk.,"If approved/resolved, row can be evaluated for draft statement loading; if rejected, row remains excluded/held with documented reason.",Approve mapping; correct mapping; exclude as duplicate/non-royalty; hold for missing source.
JACKIE TITLE DECISION,Thomas Johnson,God's Word For This World,75,4.93,Canonical title field contains multiple possible Core title IDs; publisher must select the single canonical work before draft statement loading.,"If approved/resolved, row can be evaluated for draft statement loading; if rejected, row remains excluded/held with documented reason.",Approve mapping; correct mapping; exclude as duplicate/non-royalty; hold for missing source.
JACKIE TITLE DECISION,Tracy Norris,"The Essence of Life, Love Letters to Christ: Poems of Life and Love from the Pages of the Heart",76,1.72,Manifest title could not be mapped to exactly one canonical title under approved crosswalk.,"If approved/resolved, row can be evaluated for draft statement loading; if rejected, row remains excluded/held with documented reason.",Approve mapping; correct mapping; exclude as duplicate/non-royalty; hold for missing source.
JACKIE IDENTITY DECISION,Wayne Pounds,Number 23 and Me,77,0.98,"Canonical title is available, but author/contact/payee identity is not safe for automatic royalty linkage.","If approved/resolved, row can be evaluated for draft statement loading; if rejected, row remains excluded/held with documented reason.",Approve mapping; correct mapping; exclude as duplicate/non-royalty; hold for missing source.
JACKIE TITLE DECISION,Will Harris,"Taylor Made: My Life, My Story",78,5.40,Manifest title could not be mapped to exactly one canonical title under approved crosswalk.,"If approved/resolved, row can be evaluated for draft statement loading; if rejected, row remains excluded/held with documented reason.",Approve mapping; correct mapping; exclude as duplicate/non-royalty; hold for missing source.
JACKIE TITLE DECISION,Will Harris,Music Ministry Unplugged: Real Lessons for Those who Lead and Serve in Music Ministry,79,5.40,Manifest title could not be mapped to exactly one canonical title under approved crosswalk.,"If approved/resolved, row can be evaluated for draft statement loading; if rejected, row remains excluded/held with documented reason.",Approve mapping; correct mapping; exclude as duplicate/non-royalty; hold for missing source.
JACKIE TITLE DECISION,Will Harris,"Taylor Made: My Life, My Story",80,59.14,Manifest title could not be mapped to exactly one canonical title under approved crosswalk.,"If approved/resolved, row can be evaluated for draft statement loading; if rejected, row remains excluded/held with documented reason.",Approve mapping; correct mapping; exclude as duplicate/non-royalty; hold for missing source.
JACKIE TITLE DECISION,Will Harris,Music Ministry Unplugged: Real Lessons for Those who Lead and Serve in Music Ministry,81,59.14,Manifest title could not be mapped to exactly one canonical title under approved crosswalk.,"If approved/resolved, row can be evaluated for draft statement loading; if rejected, row remains excluded/held with documented reason.",Approve mapping; correct mapping; exclude as duplicate/non-royalty; hold for missing source.
JACKIE IDENTITY DECISION,Winter Dockery,War Mother,82,3.58,"Canonical title is available, but author/contact/payee identity is not safe for automatic royalty linkage.","If approved/resolved, row can be evaluated for draft statement loading; if rejected, row remains excluded/held with documented reason.",Approve mapping; correct mapping; exclude as duplicate/non-royalty; hold for missing source.
JACKIE TITLE DECISION,Jaylonna Stevette,Getting Back 2 Happy: The Chronicles of Tabby,83,3.53,Both title and/or contact evidence require publisher confirmation; title ambiguity is the primary blocker.,"If approved/resolved, row can be evaluated for draft statement loading; if rejected, row remains excluded/held with documented reason.",Approve mapping; correct mapping; exclude as duplicate/non-royalty; hold for missing source.
JACKIE TITLE DECISION,"Shelley McIntosh Ed D, EdD",Memoir of a Black Christian Nationalist: Seeds of Liberation,84,4.93,Both title and/or contact evidence require publisher confirmation; title ambiguity is the primary blocker.,"If approved/resolved, row can be evaluated for draft statement loading; if rejected, row remains excluded/held with documented reason.",Approve mapping; correct mapping; exclude as duplicate/non-royalty; hold for missing source.
JACKIE TITLE DECISION,"Shelley McIntosh Ed D, EdD",Memoir of a Black Christian Nationalist: Seeds of Liberation,85,2.59,Both title and/or contact evidence require publisher confirmation; title ambiguity is the primary blocker.,"If approved/resolved, row can be evaluated for draft statement loading; if rejected, row remains excluded/held with documented reason.",Approve mapping; correct mapping; exclude as duplicate/non-royalty; hold for missing source.
JACKIE TITLE DECISION,Jaylonna Stevette,Getting Back 2 Happy: The Chronicles of Tabby,86,2.22,Both title and/or contact evidence require publisher confirmation; title ambiguity is the primary blocker.,"If approved/resolved, row can be evaluated for draft statement loading; if rejected, row remains excluded/held with documented reason.",Approve mapping; correct mapping; exclude as duplicate/non-royalty; hold for missing source.
PAYMENT ALLOCATION REQUIRED,Sean Crowley,,,-650.0,"Payee appears in the author register, but there is no matching loaded 2026 royalty statement in this source package.",No payment will be applied to a draft royalty statement until allocation is approved.,Match to statement; match to period; classify non-royalty; mark duplicate; leave unresolved.
PAYMENT ALLOCATION REQUIRED,Sean Crowley,,,-460.0,"Payee appears in the author register, but there is no matching loaded 2026 royalty statement in this source package.",No payment will be applied to a draft royalty statement until allocation is approved.,Match to statement; match to period; classify non-royalty; mark duplicate; leave unresolved.
PAYMENT ALLOCATION REQUIRED,J Derrick Johnson,,,-15.52,"Payee appears in royalty manifest, but current evidence is not sufficient to allocate payment to statement or period.",No payment will be applied to a draft royalty statement until allocation is approved.,Match to statement; match to period; classify non-royalty; mark duplicate; leave unresolved.
PAYMENT ALLOCATION REQUIRED,J Derrick Johnson,,,-1785.87,"Payee appears in royalty manifest, but current evidence is not sufficient to allocate payment to statement or period.",No payment will be applied to a draft royalty statement until allocation is approved.,Match to statement; match to period; classify non-royalty; mark duplicate; leave unresolved.
PAYMENT ALLOCATION REQUIRED,Will Harris,,,-141.41,"Payee appears in royalty manifest, but current evidence is not sufficient to allocate payment to statement or period.",No payment will be applied to a draft royalty statement until allocation is approved.,Match to statement; match to period; classify non-royalty; mark duplicate; leave unresolved.
PAYMENT ALLOCATION REQUIRED,Sean Crowley,,,-100.0,"Payee appears in the author register, but there is no matching loaded 2026 royalty statement in this source package.",No payment will be applied to a draft royalty statement until allocation is approved.,Match to statement; match to period; classify non-royalty; mark duplicate; leave unresolved.
PAYMENT ALLOCATION REQUIRED,Sean Crowley,,,-640.0,"Payee appears in the author register, but there is no matching loaded 2026 royalty statement in this source package.",No payment will be applied to a draft royalty statement until allocation is approved.,Match to statement; match to period; classify non-royalty; mark duplicate; leave unresolved.
PAYMENT ALLOCATION REQUIRED,Lisa Taylor,,,-170.99,"Payee appears in royalty manifest, but current evidence is not sufficient to allocate payment to statement or period.",No payment will be applied to a draft royalty statement until allocation is approved.,Match to statement; match to period; classify non-royalty; mark duplicate; leave unresolved.
PAYMENT ALLOCATION REQUIRED,Will Harris,,,-232.9,"Payee appears in royalty manifest, but current evidence is not sufficient to allocate payment to statement or period.",No payment will be applied to a draft royalty statement until allocation is approved.,Match to statement; match to period; classify non-royalty; mark duplicate; leave unresolved.
PAYMENT ALLOCATION REQUIRED,Kimberly Reeder,,,-500.0,"Payee appears in the author register, but there is no matching loaded 2026 royalty statement in this source package.",No payment will be applied to a draft royalty statement until allocation is approved.,Match to statement; match to period; classify non-royalty; mark duplicate; leave unresolved.
PAYMENT ALLOCATION REQUIRED,Tekisha Wimbush,,,-97.2,"Payee appears in royalty manifest, but current evidence is not sufficient to allocate payment to statement or period.",No payment will be applied to a draft royalty statement until allocation is approved.,Match to statement; match to period; classify non-royalty; mark duplicate; leave unresolved.
PAYMENT ALLOCATION REQUIRED,Kelli Milligan Stammen,,,-119.44,"Payee appears in the author register, but there is no matching loaded 2026 royalty statement in this source package.",No payment will be applied to a draft royalty statement until allocation is approved.,Match to statement; match to period; classify non-royalty; mark duplicate; leave unresolved.
PAYMENT ALLOCATION REQUIRED,Ericka Thornton,,,-32.4,"Payee appears in royalty manifest, but current evidence is not sufficient to allocate payment to statement or period.",No payment will be applied to a draft royalty statement until allocation is approved.,Match to statement; match to period; classify non-royalty; mark duplicate; leave unresolved.
PAYMENT ALLOCATION REQUIRED,J Derrick Johnson,,,-3499.95,"Payee appears in royalty manifest, but current evidence is not sufficient to allocate payment to statement or period.",No payment will be applied to a draft royalty statement until allocation is approved.,Match to statement; match to period; classify non-royalty; mark duplicate; leave unresolved.
PAYMENT ALLOCATION REQUIRED,Kelli Milligan Stammen,,,-32.4,"Payee appears in the author register, but there is no matching loaded 2026 royalty statement in this source package.",No payment will be applied to a draft royalty statement until allocation is approved.,Match to statement; match to period; classify non-royalty; mark duplicate; leave unresolved.
PAYMENT DECISION REQUIRED,Stephanie McCoy,,,-1695.0,Payment evidence payee is not safely tied to a royalty manifest row or known statement in current governed evidence.,No payment will be applied to a draft royalty statement until allocation is approved.,Match to statement; match to period; classify non-royalty; mark duplicate; leave unresolved.
PAYMENT ALLOCATION REQUIRED,Thomas Johnson,,,-31.8,"Payee appears in royalty manifest, but current evidence is not sufficient to allocate payment to statement or period.",No payment will be applied to a draft royalty statement until allocation is approved.,Match to statement; match to period; classify non-royalty; mark duplicate; leave unresolved.
PAYMENT ALLOCATION REQUIRED,Daphanny Baker,,,-63.47,"Payee appears in royalty manifest, but current evidence is not sufficient to allocate payment to statement or period.",No payment will be applied to a draft royalty statement until allocation is approved.,Match to statement; match to period; classify non-royalty; mark duplicate; leave unresolved.
PAYMENT DECISION REQUIRED,Charlowe Tyree,,,-450.0,Payment evidence payee is not safely tied to a royalty manifest row or known statement in current governed evidence.,No payment will be applied to a draft royalty statement until allocation is approved.,Match to statement; match to period; classify non-royalty; mark duplicate; leave unresolved.
PAYMENT ALLOCATION REQUIRED,Will Harris,,,-222.83,"Payee appears in royalty manifest, but current evidence is not sufficient to allocate payment to statement or period.",No payment will be applied to a draft royalty statement until allocation is approved.,Match to statement; match to period; classify non-royalty; mark duplicate; leave unresolved.
PAYMENT ALLOCATION REQUIRED,Iyorwuese Hagher,,,-1600.0,"Payee has a loaded draft statement, but payment date/amount/source do not safely allocate to a specific 2026 royalty statement.",No payment will be applied to a draft royalty statement until allocation is approved.,Match to statement; match to period; classify non-royalty; mark duplicate; leave unresolved.
PAYMENT ALLOCATION REQUIRED,Daphanny Baker,,,-92.85,"Payee appears in royalty manifest, but current evidence is not sufficient to allocate payment to statement or period.",No payment will be applied to a draft royalty statement until allocation is approved.,Match to statement; match to period; classify non-royalty; mark duplicate; leave unresolved.
PAYMENT ALLOCATION REQUIRED,Daphanny Baker,,,-139.27,"Payee appears in royalty manifest, but current evidence is not sufficient to allocate payment to statement or period.",No payment will be applied to a draft royalty statement until allocation is approved.,Match to statement; match to period; classify non-royalty; mark duplicate; leave unresolved.
PAYMENT ALLOCATION REQUIRED,Daphanny Baker,,,-95.4,"Payee appears in royalty manifest, but current evidence is not sufficient to allocate payment to statement or period.",No payment will be applied to a draft royalty statement until allocation is approved.,Match to statement; match to period; classify non-royalty; mark duplicate; leave unresolved.
PAYMENT ALLOCATION REQUIRED,Shaniqua Williams,,,-32.4,"Payee appears in the author register, but there is no matching loaded 2026 royalty statement in this source package.",No payment will be applied to a draft royalty statement until allocation is approved.,Match to statement; match to period; classify non-royalty; mark duplicate; leave unresolved.
PAYMENT ALLOCATION REQUIRED,Gloria Patterson,,,-83.71,"Payee appears in royalty manifest, but current evidence is not sufficient to allocate payment to statement or period.",No payment will be applied to a draft royalty statement until allocation is approved.,Match to statement; match to period; classify non-royalty; mark duplicate; leave unresolved.
PAYMENT ALLOCATION REQUIRED,Will Harris,,,-222.83,"Payee appears in royalty manifest, but current evidence is not sufficient to allocate payment to statement or period.",No payment will be applied to a draft royalty statement until allocation is approved.,Match to statement; match to period; classify non-royalty; mark duplicate; leave unresolved.
PAYMENT ALLOCATION REQUIRED,Edith Clay,,,-32.4,"Payee appears in royalty manifest, but current evidence is not sufficient to allocate payment to statement or period.",No payment will be applied to a draft royalty statement until allocation is approved.,Match to statement; match to period; classify non-royalty; mark duplicate; leave unresolved.
PAYMENT ALLOCATION REQUIRED,Mildred Beard,,,-32.4,"Payee appears in royalty manifest, but current evidence is not sufficient to allocate payment to statement or period.",No payment will be applied to a draft royalty statement until allocation is approved.,Match to statement; match to period; classify non-royalty; mark duplicate; leave unresolved.
PAYMENT ALLOCATION REQUIRED,Mack Hughley,,,-32.4,"Payee appears in royalty manifest, but current evidence is not sufficient to allocate payment to statement or period.",No payment will be applied to a draft royalty statement until allocation is approved.,Match to statement; match to period; classify non-royalty; mark duplicate; leave unresolved.
PAYMENT DECISION REQUIRED,Marvin T Grayson,,,-32.1,Payment evidence payee is not safely tied to a royalty manifest row or known statement in current governed evidence.,No payment will be applied to a draft royalty statement until allocation is approved.,Match to statement; match to period; classify non-royalty; mark duplicate; leave unresolved.
PAYMENT DECISION REQUIRED,Gloria Huffman,,,-650.0,Payment evidence payee is not safely tied to a royalty manifest row or known statement in current governed evidence.,No payment will be applied to a draft royalty statement until allocation is approved.,Match to statement; match to period; classify non-royalty; mark duplicate; leave unresolved.
PAYMENT ALLOCATION REQUIRED,Rosetta Perry,,,-32.4,"Payee appears in royalty manifest, but current evidence is not sufficient to allocate payment to statement or period.",No payment will be applied to a draft royalty statement until allocation is approved.,Match to statement; match to period; classify non-royalty; mark duplicate; leave unresolved.
PAYMENT ALLOCATION REQUIRED,David Williams,,,-32.4,"Payee appears in the author register, but there is no matching loaded 2026 royalty statement in this source package.",No payment will be applied to a draft royalty statement until allocation is approved.,Match to statement; match to period; classify non-royalty; mark duplicate; leave unresolved.
PAYMENT ALLOCATION REQUIRED,Cheryl Travis,,,-211.2,"Payee has a loaded draft statement, but payment date/amount/source do not safely allocate to a specific 2026 royalty statement.",No payment will be applied to a draft royalty statement until allocation is approved.,Match to statement; match to period; classify non-royalty; mark duplicate; leave unresolved.
PAYMENT DECISION REQUIRED,Nellie Miner,,,-650.0,Payment evidence payee is not safely tied to a royalty manifest row or known statement in current governed evidence.,No payment will be applied to a draft royalty statement until allocation is approved.,Match to statement; match to period; classify non-royalty; mark duplicate; leave unresolved.
PAYMENT ALLOCATION REQUIRED,Brandyn McElroy,,,-32.4,"Payee appears in royalty manifest, but current evidence is not sufficient to allocate payment to statement or period.",No payment will be applied to a draft royalty statement until allocation is approved.,Match to statement; match to period; classify non-royalty; mark duplicate; leave unresolved.
PAYMENT ALLOCATION REQUIRED,Sylvia Benson,,,-64.8,"Payee appears in the author register, but there is no matching loaded 2026 royalty statement in this source package.",No payment will be applied to a draft royalty statement until allocation is approved.,Match to statement; match to period; classify non-royalty; mark duplicate; leave unresolved.
PAYMENT ALLOCATION REQUIRED,Deanna Jones,,,-32.4,"Payee appears in the author register, but there is no matching loaded 2026 royalty statement in this source package.",No payment will be applied to a draft royalty statement until allocation is approved.,Match to statement; match to period; classify non-royalty; mark duplicate; leave unresolved.
PAYMENT DECISION REQUIRED,Wenda Burnom,,,-50.0,Payment evidence payee is not safely tied to a royalty manifest row or known statement in current governed evidence.,No payment will be applied to a draft royalty statement until allocation is approved.,Match to statement; match to period; classify non-royalty; mark duplicate; leave unresolved.
PAYMENT DECISION REQUIRED,Wenda Burnom,,,-10.0,Payment evidence payee is not safely tied to a royalty manifest row or known statement in current governed evidence.,No payment will be applied to a draft royalty statement until allocation is approved.,Match to statement; match to period; classify non-royalty; mark duplicate; leave unresolved.
PAYMENT DECISION REQUIRED,Mary Miner,,,-650.0,Payment evidence payee is not safely tied to a royalty manifest row or known statement in current governed evidence.,No payment will be applied to a draft royalty statement until allocation is approved.,Match to statement; match to period; classify non-royalty; mark duplicate; leave unresolved.
PAYMENT ALLOCATION REQUIRED,Tracy Norris,,,-32.4,"Payee appears in royalty manifest, but current evidence is not sufficient to allocate payment to statement or period.",No payment will be applied to a draft royalty statement until allocation is approved.,Match to statement; match to period; classify non-royalty; mark duplicate; leave unresolved.
PAYMENT ALLOCATION REQUIRED,Karen Hill,,,-64.8,"Payee appears in royalty manifest, but current evidence is not sufficient to allocate payment to statement or period.",No payment will be applied to a draft royalty statement until allocation is approved.,Match to statement; match to period; classify non-royalty; mark duplicate; leave unresolved.
PAYMENT ALLOCATION REQUIRED,Will Harris,,,-222.83,"Payee appears in royalty manifest, but current evidence is not sufficient to allocate payment to statement or period.",No payment will be applied to a draft royalty statement until allocation is approved.,Match to statement; match to period; classify non-royalty; mark duplicate; leave unresolved.
PAYMENT DECISION REQUIRED,Deborah A. Eiland,,,-162.0,Payment evidence payee is not safely tied to a royalty manifest row or known statement in current governed evidence.,No payment will be applied to a draft royalty statement until allocation is approved.,Match to statement; match to period; classify non-royalty; mark duplicate; leave unresolved.
PAYMENT DECISION REQUIRED,Emma Holder,,,-650.0,Payment evidence payee is not safely tied to a royalty manifest row or known statement in current governed evidence.,No payment will be applied to a draft royalty statement until allocation is approved.,Match to statement; match to period; classify non-royalty; mark duplicate; leave unresolved.
PAYMENT ALLOCATION REQUIRED,Carolyn Booker-Pierce,,,-194.4,"Payee appears in the author register, but there is no matching loaded 2026 royalty statement in this source package.",No payment will be applied to a draft royalty statement until allocation is approved.,Match to statement; match to period; classify non-royalty; mark duplicate; leave unresolved.
PAYMENT DECISION REQUIRED,M. Darlene Carson,,,-32.4,Payment evidence payee is not safely tied to a royalty manifest row or known statement in current governed evidence.,No payment will be applied to a draft royalty statement until allocation is approved.,Match to statement; match to period; classify non-royalty; mark duplicate; leave unresolved.
PAYMENT ALLOCATION REQUIRED,Toni Kleckley,,,-32.4,"Payee appears in the author register, but there is no matching loaded 2026 royalty statement in this source package.",No payment will be applied to a draft royalty statement until allocation is approved.,Match to statement; match to period; classify non-royalty; mark duplicate; leave unresolved.
PAYMENT ALLOCATION REQUIRED,Adrean Young,,,-32.4,"Payee appears in the author register, but there is no matching loaded 2026 royalty statement in this source package.",No payment will be applied to a draft royalty statement until allocation is approved.,Match to statement; match to period; classify non-royalty; mark duplicate; leave unresolved.
PAYMENT ALLOCATION REQUIRED,Shelley McIntosh,,,-95.4,"Payee appears in royalty manifest, but current evidence is not sufficient to allocate payment to statement or period.",No payment will be applied to a draft royalty statement until allocation is approved.,Match to statement; match to period; classify non-royalty; mark duplicate; leave unresolved.
PAYMENT ALLOCATION REQUIRED,Kurt Broadnax,,,-64.8,"Payee appears in royalty manifest, but current evidence is not sufficient to allocate payment to statement or period.",No payment will be applied to a draft royalty statement until allocation is approved.,Match to statement; match to period; classify non-royalty; mark duplicate; leave unresolved.
